College Code,College Name,Branch Code,Branch Name,Mock Cutoff,Mock Allotment Category,Round 1 Cutoff,Round 1 Allotment Category,Round 2 Cutoff,Round 2 Allotment Category,Round 3 Cutoff,Round 3 Allotment Category,Best Representative Cutoff,Best Representative Category,Chance Category
E057,"JSS Science and Technology University JSS TECHNICAL INSTITUTIONS CAMPUS, MANASAGANGOTHRI, MYSURU 570006",AM,AM,6284,GMR,6452,GMR,9001,GMR,9001,GMR,9001,GMR,Dream
E007,"Dayananda Sagar College of Engineering, Bangalore(AUTONOMOUS) SHAVIGE MALLESHWARA HILLS, KUMARASWAMY LAYOUT, BANGALORE-560078",AM,AM,5757,GMR,5757,GMR,8334,GMR,9090,3AG,9090,3AG,Dream
E048,"B M S College of Engineering, Basavanagudi, Bangalore (AUTONOMOUS) POST BOX NO 1908, BULL TEMPLE ROAD,BANGALORE",EC,EC,7972,3AR,7681,3AR,8381,3AR,9104,3AR,9104,3AR,Dream
E007,"Dayananda Sagar College of Engineering, Bangalore(AUTONOMOUS) SHAVIGE MALLESHWARA HILLS, KUMARASWAMY LAYOUT, BANGALORE-560078",DS,DATA SCIENCES,6700,GMR,6908,GMR,8340,GMR,9135,3AG,9135,3AG,Dream
E005,"R. V. College of Engineering, Bangalore(AUTONOMOUS) R.V. VIDYANIKETAN POST, MYSORE ROAD,BANGALORE",ET,ET,5815,GMR,8055,GMR,9340,GMR,9340,GMR,9340,GMR,Dream
E009,"PES University 100 Feet Ring Road, Banashankari, 3rd Stage, Hosakerehalli, Near DSERT, , Bangalore KARNATAKA, pin code -560085",EC,EC,6672,3AR,6438,3AR,7493,3AR,9583,3AR,9583,3AR,Dream
E057,"JSS Science and Technology University JSS TECHNICAL INSTITUTIONS CAMPUS, MANASAGANGOTHRI, MYSURU 570006",EC,EC,9599,GMR,9599,GMR,9599,GMR,9599,GMR,9599,GMR,Dream
E008,"Bangalore Institute of Technology, K.R.Road, Bangalore (AUTONOMOUS) K.R.ROAD, V.V.PURA, BANGALORE-560004",CS,COMPUTER SCIENCE,7330,3AR,7336,3AR,9343,3AR,9744,3AR,9744,3AR,Dream
E048,"B M S College of Engineering, Basavanagudi, Bangalore (AUTONOMOUS) POST BOX NO 1908, BULL TEMPLE ROAD,BANGALORE",CBS,CBS,5620,GMR,5620,GMR,7754,GMR,9964,GMR,9964,GMR,Dream
E016,"Siddaganga Institute of Technology,Tumkur",AM,AM,10308,GMR,9583,GMR,10338,3AG,10338,3AG,10338,3AG,Dream
E007,"Dayananda Sagar College of Engineering, Bangalore(AUTONOMOUS) SHAVIGE MALLESHWARA HILLS, KUMARASWAMY LAYOUT, BANGALORE-560078",CY,CY,7090,GMR,7326,GMR,8737,GMR,10790,GMR,10790,GMR,Dream
E001,"Univesity of Visvesvaraya College of Engineering (A State Autonomous Public University on IIT Model) K R Circle, Bangalore",EC,EC,10446,3AR,10000,3AR,11227,3AR,11227,3AR,11227,3AR,Moderate
E141,"PES UNIVERSITY(Electronic City Campus) Hosur Rd, Konappana Agrahara, Electronic City, Bengaluru, Karnataka 560100",CS,COMPUTER SCIENCE,9723,3AR,8491,3AR,9697,3AR,11359,3AR,11359,3AR,Moderate
E005,"R. V. College of Engineering, Bangalore(AUTONOMOUS) R.V. VIDYANIKETAN POST, MYSORE ROAD,BANGALORE",AE,AGRICULTURE ENGINEERING,5306,GMR,5671,GMR,8438,GMR,11397,GMR,11397,GMR,Moderate
E006,"M S Ramaiah Institute of Technology, Bangalore(AUTONOMOUS) VIDYA SOUDHA,MSR NAGAR,MSRIT POST,BANGALORE - 560054.",ET,ET,11242,GMR,11242,GMR,11242,GMR,11884,3AG,11884,3AG,Moderate
E006,"M S Ramaiah Institute of Technology, Bangalore(AUTONOMOUS) VIDYA SOUDHA,MSR NAGAR,MSRIT POST,BANGALORE - 560054.",AE,AGRICULTURE ENGINEERING,7061,GMR,8821,GMR,11969,GMR,11969,GMR,11969,GMR,Moderate
E007,"Dayananda Sagar College of Engineering, Bangalore(AUTONOMOUS) SHAVIGE MALLESHWARA HILLS, KUMARASWAMY LAYOUT, BANGALORE-560078",IS,INFORMATION SCIENCE,7824,3AR,7689,3AR,9244,3AR,12078,3AR,12078,3AR,Moderate
E008,"Bangalore Institute of Technology, K.R.Road, Bangalore (AUTONOMOUS) K.R.ROAD, V.V.PURA, BANGALORE-560004",AM,AM,8921,GMR,8919,GMR,9981,GMR,12095,GMR,12095,GMR,Moderate
E008,"Bangalore Institute of Technology, K.R.Road, Bangalore (AUTONOMOUS) K.R.ROAD, V.V.PURA, BANGALORE-560004",DS,DATA SCIENCES,8596,3AR,9343,3AR,10308,3AR,12537,3AR,12537,3AR,Moderate
E009,"PES University 100 Feet Ring Road, Banashankari, 3rd Stage, Hosakerehalli, Near DSERT, , Bangalore KARNATAKA, pin code -560085",EE,EE,10413,GMR,9464,GMR,9464,GMR,12711,3AG,12711,3AG,Moderate
E005,"R. V. College of Engineering, Bangalore(AUTONOMOUS) R.V. VIDYANIKETAN POST, MYSORE ROAD,BANGALORE",CH,CH,12727,3AR,12727,3AR,12727,3AR,12727,3AR,12727,3AR,Moderate
E016,"Siddaganga Institute of Technology,Tumkur",CS,COMPUTER SCIENCE,9619,3AR,9408,3AR,10891,3AR,12800,3AR,12800,3AR,Moderate
E057,"JSS Science and Technology University JSS TECHNICAL INSTITUTIONS CAMPUS, MANASAGANGOTHRI, MYSURU 570006",IS,INFORMATION SCIENCE,8443,GMR,8142,GMR,8916,GMR,13194,GMR,13194,GMR,Moderate
E007,"Dayananda Sagar College of Engineering, Bangalore(AUTONOMOUS) SHAVIGE MALLESHWARA HILLS, KUMARASWAMY LAYOUT, BANGALORE-560078",IOTCS,IOTCS,9528,3AR,8334,3AR,13424,3AR,13424,3AR,13424,3AR,Moderate
E007,"Dayananda Sagar College of Engineering, Bangalore(AUTONOMOUS) SHAVIGE MALLESHWARA HILLS, KUMARASWAMY LAYOUT, BANGALORE-560078",CD,COMMUNICATION DESIGN,11500,GMR,10535,GMR,12941,GMR,13674,GMR,13674,GMR,Moderate
E235,"M . S . Ramaiah University of Applied Sciences UNIVERSITY HOUSE, GNANAGANGOTHRI CAMPUS, NEW BEL ROAD, MSR ROAD, BANGALORE - 560054",AE,AGRICULTURE ENGINEERING,13932,GMR,13932,GMR,13932,GMR,13932,GMR,13932,GMR,Moderate
E008,"Bangalore Institute of Technology, K.R.Road, Bangalore (AUTONOMOUS) K.R.ROAD, V.V.PURA, BANGALORE-560004",IS,INFORMATION SCIENCE,9337,GMR,9001,GMR,11522,GMR,14007,GMR,14007,GMR,Moderate
E005,"R. V. College of Engineering, Bangalore(AUTONOMOUS) R.V. VIDYANIKETAN POST, MYSORE ROAD,BANGALORE",ME,ME,12437,GMR,11969,GMR,14076,GMR,14076,GMR,14076,GMR,Moderate
E178,"The National Institute of Engineering(NORTH CAMPUS), No.50(Part) Koorgalli,Hootgalli Industrial Area ,Mysuru-570018",AM,AM,10403,3AR,10403,3AR,12095,3AR,14362,3AR,14362,3AR,Moderate
E285,"RV University R.V. VIDYANIKETAN POST, MYSORE ROAD,BANGALORE",CS,COMPUTER SCIENCE,12664,3AR,13288,3AR,14463,3AR,14463,3AR,14463,3AR,Moderate
E141,"PES UNIVERSITY(Electronic City Campus) Hosur Rd, Konappana Agrahara, Electronic City, Bengaluru, Karnataka 560100",AM,AM,9607,3AR,9091,3AR,9370,3AR,14470,3AR,14470,3AR,Moderate
E008,"Bangalore Institute of Technology, K.R.Road, Bangalore (AUTONOMOUS) K.R.ROAD, V.V.PURA, BANGALORE-560004",IOTCS,IOTCS,9789,GMR,9789,GMR,12460,GMR,14560,GMR,14560,GMR,Moderate
E016,"Siddaganga Institute of Technology,Tumkur",IS,INFORMATION SCIENCE,10423,GMR,9728,GMR,12065,GMR,14714,GMR,14714,GMR,Moderate
E178,"The National Institute of Engineering(NORTH CAMPUS), No.50(Part) Koorgalli,Hootgalli Industrial Area ,Mysuru-570018",CS,COMPUTER SCIENCE,10282,3AR,9607,3AR,12077,3AR,15006,3AR,15006,3AR,Moderate
E057,"JSS Science and Technology University JSS TECHNICAL INSTITUTIONS CAMPUS, MANASAGANGOTHRI, MYSURU 570006",CBS,CBS,10764,GMR,10445,GMR,12595,GMR,15144,GMR,15144,GMR,Moderate
E126,"B M S Institute of Technology & Management, Yelahanka, Bangalore(AUTONOMOUS) POST BOX NO.6443, AVALAHALLI,DODDABALLAPURA MAIN ROAD,YELAHANKA, BANGALORE - 560064.",AM,AM,13473,3AR,12953,3AR,14922,3AR,15252,3AR,15252,3AR,Moderate
E022,"The National Institute of Engineering(SOUTH CAMPUS), Mysore(AUTONOMOUS) MANANDAVADI ROAD,MYSORE 570008",EC,EC,12410,3AR,11721,3AR,14154,3AR,15352,3AR,15352,3AR,Moderate
E141,"PES UNIVERSITY(Electronic City Campus) Hosur Rd, Konappana Agrahara, Electronic City, Bengaluru, Karnataka 560100",EC,EC,13408,3AR,11227,3AR,13408,3AR,15516,3AR,15516,3AR,Moderate
E004,"Dr. Ambedkar Institute of Technology, Bangalore(AUTONOMOUS) OUTER RING ROAD,NEAR JNANA BHARATHI CAMPUS,MALLATHAHALLI,BANGALORE-560056",CS,COMPUTER SCIENCE,12078,3AR,9744,3AR,14560,3AR,15533,3AR,15533,3AR,Moderate
E007,"Dayananda Sagar College of Engineering, Bangalore(AUTONOMOUS) SHAVIGE MALLESHWARA HILLS, KUMARASWAMY LAYOUT, BANGALORE-560078",EC,EC,10790,3AR,11308,3AR,13795,3AR,15626,3AR,15626,3AR,Moderate
E126,"B M S Institute of Technology & Management, Yelahanka, Bangalore(AUTONOMOUS) POST BOX NO.6443, AVALAHALLI,DODDABALLAPURA MAIN ROAD,YELAHANKA, BANGALORE - 560064.",CS,COMPUTER SCIENCE,12953,3AR,12895,3AR,14470,3AR,15738,3AR,15738,3AR,Moderate
E005,"R. V. College of Engineering, Bangalore(AUTONOMOUS) R.V. VIDYANIKETAN POST, MYSORE ROAD,BANGALORE",BT,BIO-TECHNOLOGY,10770,GMR,10770,GMR,16571,GMR,16571,GMR,16571,GMR,Moderate
E275,"R V Institute Of Technology and Management, Bengaluru KOTHANUR, 8TH PHASE J.P.NAGAR, BENGALURU-560 078.",AM,AM,12919,GMR,11359,GMR,14968,GMR,17560,GMR,17560,GMR,Moderate
E126,"B M S Institute of Technology & Management, Yelahanka, Bangalore(AUTONOMOUS) POST BOX NO.6443, AVALAHALLI,DODDABALLAPURA MAIN ROAD,YELAHANKA, BANGALORE - 560064.",CBS,CBS,15144,3AR,13752,3AR,17222,3AR,17658,3AR,17658,3AR,Moderate
E241,"KLE Technological University(Formerly (BVBCET) BVBHOOMARADDI COLLEGE CAMPUS, VIDYANAGAR, HUBBALLI",AM,AM,12607,GMR,12278,GMR,14546,3AG,17694,3AG,17694,3AG,Moderate
E107,"B N M Institute of Technology, Bangalore (AUTONOMOUS) 12TH MAIN, 27TH CROSS, BSK SECOND STAGE",CS,COMPUTER SCIENCE,12538,GMR,12441,GMR,15224,GMR,17858,GMR,17858,GMR,Moderate
E275,"R V Institute Of Technology and Management, Bengaluru KOTHANUR, 8TH PHASE J.P.NAGAR, BENGALURU-560 078.",CS,COMPUTER SCIENCE,11002,3AR,11252,3AR,12819,3AR,17868,3AR,17868,3AR,Moderate
E097,"C M R Institute of Technology, Kundala Halli village, Bangalore # 132, KUNDALAHALLI VILLAGE,IT PARK ROAD,BANGALORE - 560 037",CS,COMPUTER SCIENCE,15533,GMR,14493,GMR,16601,GMR,17869,GMR,17869,GMR,Moderate
E006,"M S Ramaiah Institute of Technology, Bangalore(AUTONOMOUS) VIDYA SOUDHA,MSR NAGAR,MSRIT POST,BANGALORE - 560054.",EE,EE,11303,GMR,9349,GMR,9349,GMR,18212,GMR,18212,GMR,Safe
E118,"RNS Institute of Technology, Bangalore (AUTONOMOUS) CHANNASANDRA,UTTARAHALLI -KENGERI MAIN ROAD,SUBRAMANYAPURA POST,BANGALORE",CS,COMPUTER SCIENCE,14860,3AR,14855,3AR,16621,3AR,18582,3AR,18582,3AR,Safe
E118,"RNS Institute of Technology, Bangalore (AUTONOMOUS) CHANNASANDRA,UTTARAHALLI -KENGERI MAIN ROAD,SUBRAMANYAPURA POST,BANGALORE",DS,DATA SCIENCES,15738,GMR,15738,GMR,18818,GMR,19053,GMR,19053,GMR,Safe
E037,"K.L.S. Gogte Institute of Technology, Belgaum.(AUTONOMOUS) ""JNANA GANGA"", UDYAMBAG,BELGAUM",AM,AM,17302,3AG,17694,3AG,19057,GMR,19057,GMR,19057,GMR,Safe
E118,"RNS Institute of Technology, Bangalore (AUTONOMOUS) CHANNASANDRA,UTTARAHALLI -KENGERI MAIN ROAD,SUBRAMANYAPURA POST,BANGALORE",AM,AM,16929,3AR,15519,3AR,17769,3AR,19087,3AR,19087,3AR,Safe
E016,"Siddaganga Institute of Technology,Tumkur",EC,EC,14076,3AR,13094,3AR,16674,3AR,19111,3AR,19111,3AR,Safe
E007,"Dayananda Sagar College of Engineering, Bangalore(AUTONOMOUS) SHAVIGE MALLESHWARA HILLS, KUMARASWAMY LAYOUT, BANGALORE-560078",RI,RI,12067,3AR,11910,3AR,12284,3AR,19166,3AR,19166,3AR,Safe
E008,"Bangalore Institute of Technology, K.R.Road, Bangalore (AUTONOMOUS) K.R.ROAD, V.V.PURA, BANGALORE-560004",EC,EC,13228,GMR,13224,GMR,13258,GMR,19239,GMR,19239,GMR,Safe
E275,"R V Institute Of Technology and Management, Bengaluru KOTHANUR, 8TH PHASE J.P.NAGAR, BENGALURU-560 078.",EC,EC,13795,GMR,15279,GMR,15749,GMR,19281,GMR,19281,GMR,Safe
E008,"Bangalore Institute of Technology, K.R.Road, Bangalore (AUTONOMOUS) K.R.ROAD, V.V.PURA, BANGALORE-560004",RI,RI,11910,GMR,12284,GMR,16812,GMR,19417,GMR,19417,GMR,Safe
E126,"B M S Institute of Technology & Management, Yelahanka, Bangalore(AUTONOMOUS) POST BOX NO.6443, AVALAHALLI,DODDABALLAPURA MAIN ROAD,YELAHANKA, BANGALORE - 560064.",EC,EC,14567,GMR,14397,GMR,16382,GMR,19700,GMR,19700,GMR,Safe
E056,"The National Institute of Engineering(SOUTH CAMPUS), Mysore(AUTONOMOUS) MANANDAVADI ROAD,MYSORE 570008",EC,EC,12595,GMR,12592,GMR,15891,GMR,19823,GMR,19823,GMR,Safe
E107,"B N M Institute of Technology, Bangalore (AUTONOMOUS) 12TH MAIN, 27TH CROSS, BSK SECOND STAGE",IS,INFORMATION SCIENCE,14080,3AR,14076,3AR,18487,3AR,19933,3AR,19933,3AR,Safe
E241,"KLE Technological University(Formerly (BVBCET) BVBHOOMARADDI COLLEGE CAMPUS, VIDYANAGAR, HUBBALLI",CS,COMPUTER SCIENCE,12962,3AR,12962,3AR,16855,3AR,20182,3AR,20182,3AR,Safe
E118,"RNS Institute of Technology, Bangalore (AUTONOMOUS) CHANNASANDRA,UTTARAHALLI -KENGERI MAIN ROAD,SUBRAMANYAPURA POST,BANGALORE",CY,CY,17788,GMR,15978,GMR,19087,GMR,20345,GMR,20345,GMR,Safe
E107,"B N M Institute of Technology, Bangalore (AUTONOMOUS) 12TH MAIN, 27TH CROSS, BSK SECOND STAGE",AM,AM,13791,GMR,13774,GMR,16677,GMR,20371,GMR,20371,GMR,Safe
E034,"SDM College of Engineering, Dharwad (AUTONOMOUS) DHAVALAGIRI,KALGHATGI ROAD,DHARWAD",CS,COMPUTER SCIENCE,15800,3AG,15144,GMR,20834,3AG,20834,3AG,20834,3AG,Safe
E021,"Sri Jayachamarajendra College of Engineering(Constituent College of JSS Science & Technology University), Mysore JSS TECHNICAL INSTITUTIONS CAMPUS,MANASAGANGOTHRI PO,MYSORE",EE,EE,18904,GMR,20643,GMR,20939,GMR,21079,3AG,21079,3AG,Safe
E037,"K.L.S. Gogte Institute of Technology, Belgaum.(AUTONOMOUS) ""JNANA GANGA"", UDYAMBAG,BELGAUM",CS,COMPUTER SCIENCE,19279,3AR,16855,3AR,20667,3AR,21261,3AR,21261,3AR,Safe
E235,"M . S . Ramaiah University of Applied Sciences UNIVERSITY HOUSE, GNANAGANGOTHRI CAMPUS, NEW BEL ROAD, MSR ROAD, BANGALORE - 560054",AM,AM,20069,GMR,18001,GMR,19195,GMR,21443,GMR,21443,GMR,Safe
E241,"KLE Technological University(Formerly (BVBCET) BVBHOOMARADDI COLLEGE CAMPUS, VIDYANAGAR, HUBBALLI",EC,EC,18829,3AR,18829,3AR,21261,3AR,21829,3AR,21829,3AR,Safe
E012,"Sir M.Visvesvaraya Institute of Technology, Bangalore KRISHNADEVARAYANAGAR, HUNASAMARANAHALLI, VIA YELAHANKA,BANGALORE - 562 157",AM,AM,13752,GMR,11648,GMR,16165,GMR,22158,GMR,22158,GMR,Safe
E099,"New Horizon College of Engineering, Varthur, Bangalore(AUTONOMOUS) RING ROAD, NEAR MARATHALLI, BELLANDUR POST,KADUBHISANAHALLI,BANGALORE",CS,COMPUTER SCIENCE,15276,3AR,15533,3AR,18137,3AR,22253,3AR,22253,3AR,Safe
E012,"Sir M.Visvesvaraya Institute of Technology, Bangalore KRISHNADEVARAYANAGAR, HUNASAMARANAHALLI, VIA YELAHANKA,BANGALORE - 562 157",CS,COMPUTER SCIENCE,14645,3AR,14302,3AR,19858,3AR,22850,3AR,22850,3AR,Safe
E060,"Dr. Ambedkar Institute of Technology, Bangalore(AUTONOMOUS) OUTER RING ROAD,NEAR JNANA BHARATHI CAMPUS,MALLATHAHALLI,BANGALORE-560056",CS,COMPUTER SCIENCE,17029,GMR,15998,GMR,19394,GMR,23187,GMR,23187,GMR,Safe
E235,"M . S . Ramaiah University of Applied Sciences UNIVERSITY HOUSE, GNANAGANGOTHRI CAMPUS, NEW BEL ROAD, MSR ROAD, BANGALORE - 560054",CS,COMPUTER SCIENCE,19361,3AR,17201,3AR,20580,3AR,23275,3AR,23275,3AR,Safe
E099,"New Horizon College of Engineering, Varthur, Bangalore(AUTONOMOUS) RING ROAD, NEAR MARATHALLI, BELLANDUR POST,KADUBHISANAHALLI,BANGALORE",AM,AM,15239,GMR,14878,GMR,19166,GMR,23344,GMR,23344,GMR,Safe
E097,"C M R Institute of Technology, Kundala Halli village, Bangalore # 132, KUNDALAHALLI VILLAGE,IT PARK ROAD,BANGALORE - 560 037",AM,AM,17396,GMR,14567,GMR,19702,GMR,23569,GMR,23569,GMR,Safe
E003,"B M S College of Engineering, Basavanagudi, Bangalore (AUTONOMOUS) POST BOX NO 1908, BULL TEMPLE ROAD,BANGALORE",EE,EE,13806,GMR,12537,GMR,15513,GMR,23875,GMR,23875,GMR,Safe
E082,"J S S Academy of Technical Education, Bangalore JSSATE CAMPUS,UTTARAHALLI-KENGERI ROAD ,BANGALORE 560060",CS,COMPUTER SCIENCE,16545,GMR,16172,GMR,20221,GMR,24052,GMR,24052,GMR,Safe
E097,"C M R Institute of Technology, Kundala Halli village, Bangalore # 132, KUNDALAHALLI VILLAGE,IT PARK ROAD,BANGALORE - 560 037",DS,DATA SCIENCES,19951,3AR,18224,3AR,22196,3AR,24188,3AR,24188,3AR,Safe
E034,"SDM College of Engineering, Dharwad (AUTONOMOUS) DHAVALAGIRI,KALGHATGI ROAD,DHARWAD",AM,AM,16528,3AG,16251,GMR,24395,3AG,24395,3AG,24395,3AG,Safe
E082,"J S S Academy of Technical Education, Bangalore JSSATE CAMPUS,UTTARAHALLI-KENGERI ROAD ,BANGALORE 560060",AM,AM,19626,3AR,18106,3AR,21895,3AR,24457,3AR,24457,3AR,Safe
E133,"G S S S Institute of Engineering & Technology for Women, Mysore K.R.S. ROAD, METAGALLI INDUSTRIAL AREA, MYSORE-16",CS,COMPUTER SCIENCE,21447,GMR,20181,GMR,25041,GMR,25041,GMR,25041,GMR,Safe
E097,"C M R Institute of Technology, Kundala Halli village, Bangalore # 132, KUNDALAHALLI VILLAGE,IT PARK ROAD,BANGALORE - 560 037",AD,AD,19411,GMR,17769,GMR,21300,GMR,25080,GMR,25080,GMR,Safe
E012,"Sir M.Visvesvaraya Institute of Technology, Bangalore KRISHNADEVARAYANAGAR, HUNASAMARANAHALLI, VIA YELAHANKA,BANGALORE - 562 157",DS,DATA SCIENCES,15660,3AR,14560,3AR,19477,3AR,25103,3AR,25103,3AR,Safe
E212,"Dayananda Sagar Academy of Technology & Management Technical Campus, Bangalore(AUTONOMOUS) UDAYAPURA,KANAKAPURA ROAD,BANGALORE URBAN",CS,COMPUTER SCIENCE,20667,3AR,19281,3AR,23624,3AR,25195,3AR,25195,3AR,Safe
E005,"R. V. College of Engineering, Bangalore(AUTONOMOUS) R.V. VIDYANIKETAN POST, MYSORE ROAD,BANGALORE",IM,IM,18212,GMR,15229,3AG,21517,GMR,25376,GMR,25376,GMR,Safe
E034,"SDM College of Engineering, Dharwad (AUTONOMOUS) DHAVALAGIRI,KALGHATGI ROAD,DHARWAD",IS,INFORMATION SCIENCE,17694,3AG,18015,3AG,25427,3AG,25427,3AG,25427,3AG,Safe
E232,"REVA University RUKMINI KNOWLEDGE PARK, KATTIGENAHALLI, YELAHANKA,BANGALORE - 560064,",AM,AM,19858,3AR,20045,3AR,23728,3AR,25535,3AR,25535,3AR,Safe
E060,"Dr. Ambedkar Institute of Technology, Bangalore(AUTONOMOUS) OUTER RING ROAD,NEAR JNANA BHARATHI CAMPUS,MALLATHAHALLI,BANGALORE-560056",AM,AM,15909,GMR,17605,GMR,17843,GMR,25893,GMR,25893,GMR,Safe
E107,"B N M Institute of Technology, Bangalore (AUTONOMOUS) 12TH MAIN, 27TH CROSS, BSK SECOND STAGE",EC,EC,18247,GMR,17858,GMR,21387,GMR,26302,GMR,26302,GMR,Safe
E099,"New Horizon College of Engineering, Varthur, Bangalore(AUTONOMOUS) RING ROAD, NEAR MARATHALLI, BELLANDUR POST,KADUBHISANAHALLI,BANGALORE",EC,EC,20065,3AG,18962,GMR,23872,GMR,26386,GMR,26386,GMR,Safe
E060,"Dr. Ambedkar Institute of Technology, Bangalore(AUTONOMOUS) OUTER RING ROAD,NEAR JNANA BHARATHI CAMPUS,MALLATHAHALLI,BANGALORE-560056",DS,DATA SCIENCES,19083,GMR,18582,GMR,23569,GMR,26414,GMR,26414,GMR,Safe
E235,"M . S . Ramaiah University of Applied Sciences UNIVERSITY HOUSE, GNANAGANGOTHRI CAMPUS, NEW BEL ROAD, MSR ROAD, BANGALORE - 560054",EC,EC,17835,GMR,18129,GMR,18129,GMR,26524,GMR,26524,GMR,Safe
E007,"Dayananda Sagar College of Engineering, Bangalore(AUTONOMOUS) SHAVIGE MALLESHWARA HILLS, KUMARASWAMY LAYOUT, BANGALORE-560078",AN,AN,13163,GMR,10381,GMR,14286,GMR,26568,3AG,26568,3AG,Safe
E232,"REVA University RUKMINI KNOWLEDGE PARK, KATTIGENAHALLI, YELAHANKA,BANGALORE - 560064,",AD,AD,21739,GMR,21732,GMR,25609,GMR,26659,GMR,26659,GMR,Safe
E012,"Sir M.Visvesvaraya Institute of Technology, Bangalore KRISHNADEVARAYANAGAR, HUNASAMARANAHALLI, VIA YELAHANKA,BANGALORE - 562 157",IS,INFORMATION SCIENCE,16620,3AG,16620,3AG,21434,GMR,26734,GMR,26734,GMR,Safe
E004,"Dr. Ambedkar Institute of Technology, Bangalore(AUTONOMOUS) OUTER RING ROAD,NEAR JNANA BHARATHI CAMPUS,MALLATHAHALLI,BANGALORE-560056",EC,EC,18675,3AR,19111,3AR,22980,3AR,26757,3AR,26757,3AR,Safe
E235,"M . S . Ramaiah University of Applied Sciences UNIVERSITY HOUSE, GNANAGANGOTHRI CAMPUS, NEW BEL ROAD, MSR ROAD, BANGALORE - 560054",IS,INFORMATION SCIENCE,21902,GMR,21823,GMR,23884,GMR,26824,GMR,26824,GMR,Safe
E118,"RNS Institute of Technology, Bangalore (AUTONOMOUS) CHANNASANDRA,UTTARAHALLI -KENGERI MAIN ROAD,SUBRAMANYAPURA POST,BANGALORE",EC,EC,19111,3AR,18496,3AR,20862,3AR,26876,3AR,26876,3AR,Safe
E012,"Sir M.Visvesvaraya Institute of Technology, Bangalore KRISHNADEVARAYANAGAR, HUNASAMARANAHALLI, VIA YELAHANKA,BANGALORE - 562 157",IOTCS,IOTCS,18656,GMR,17222,GMR,23008,GMR,27023,GMR,27023,GMR,Safe
E003,"B M S College of Engineering, Basavanagudi, Bangalore (AUTONOMOUS) POST BOX NO 1908, BULL TEMPLE ROAD,BANGALORE",ME,ME,24893,GMR,27046,GMR,27046,GMR,27046,GMR,27046,GMR,Safe
E097,"C M R Institute of Technology, Kundala Halli village, Bangalore # 132, KUNDALAHALLI VILLAGE,IT PARK ROAD,BANGALORE - 560 037",IS,INFORMATION SCIENCE,17878,GMR,17425,GMR,21601,GMR,27198,GMR,27198,GMR,Safe
E212,"Dayananda Sagar Academy of Technology & Management Technical Campus, Bangalore(AUTONOMOUS) UDAYAPURA,KANAKAPURA ROAD,BANGALORE URBAN",AM,AM,22103,3AR,18272,3AR,24330,3AR,27236,3AR,27236,3AR,Safe
E129,"St.Joseph Engineering College, Mangalore(AUTONOMOUS) MANGALORE",DS,DATA SCIENCES,27415,GMR,27415,GMR,27415,GMR,27415,GMR,27415,GMR,Safe
E031,"B V V Sangha`s Basaveshwara Engineering College , Bagalkote (AUTONOMOUS) NIJALINGAPPA ROAD,BAGALKOT 587102",CS,COMPUTER SCIENCE,21829,3AG,21059,3AG,27473,3AG,27473,3AG,27473,3AG,Safe
E160,"Sahyadri College Of Engineering & Management, Adyar, Mangalore(AUTONOMOUS) 'SAHYADRI CAMPUS'N.H-48, ADYAR,MANGALORE",CS,COMPUTER SCIENCE,26148,3AR,26871,3AR,26871,3AR,27748,3AR,27748,3AR,Safe
E071,"Vidya Vardhaka College of Engineering, Mysore(AUTONOMOUS) P.B.NO.206,GOKULAM 3RD STAGE,MYSORE",AM,AM,22340,GMR,21531,GMR,25993,GMR,28185,GMR,28185,GMR,Safe
E006,"M S Ramaiah Institute of Technology, Bangalore(AUTONOMOUS) VIDYA SOUDHA,MSR NAGAR,MSRIT POST,BANGALORE - 560054.",EI,EI,14400,GMR,15821,GMR,16568,3AG,28568,GMR,28568,GMR,Safe
E036,"K L E Technological Univeristy, Belgaum Campus (Formerly KLE Dr M.S.Sheshagiri College of Engineering and Technology) UDYAMBAGH,BELGAUM",AM,AM,25115,3AG,25004,3AG,28653,3AG,28653,3AG,28653,3AG,Safe
E071,"Vidya Vardhaka College of Engineering, Mysore(AUTONOMOUS) P.B.NO.206,GOKULAM 3RD STAGE,MYSORE",CS,COMPUTER SCIENCE,21406,3AR,21597,3AR,26302,3AR,28851,3AR,28851,3AR,Safe
E212,"Dayananda Sagar Academy of Technology & Management Technical Campus, Bangalore(AUTONOMOUS) UDAYAPURA,KANAKAPURA ROAD,BANGALORE URBAN",CY,CY,22402,GMR,21461,GMR,25893,GMR,29132,3AG,29132,3AG,Safe
E008,"Bangalore Institute of Technology, K.R.Road, Bangalore (AUTONOMOUS) K.R.ROAD, V.V.PURA, BANGALORE-560004",VL,VL,17572,GMR,17572,GMR,17572,GMR,29264,GMR,29264,GMR,Safe
E133,"G S S S Institute of Engineering & Technology for Women, Mysore K.R.S. ROAD, METAGALLI INDUSTRIAL AREA, MYSORE-16",AM,AM,22779,GMR,22779,GMR,29879,GMR,29879,GMR,29879,GMR,Safe
E232,"REVA University RUKMINI KNOWLEDGE PARK, KATTIGENAHALLI, YELAHANKA,BANGALORE - 560064,",RI,RI,29440,3AR,29440,3AR,29947,3AR,29947,3AR,29947,3AR,Safe
E037,"K.L.S. Gogte Institute of Technology, Belgaum.(AUTONOMOUS) ""JNANA GANGA"", UDYAMBAG,BELGAUM",EC,EC,21419,3AG,21268,3AG,25555,3AG,29984,3AG,29984,3AG,Safe
E115,"S.J B. Institute of Technology, Bangalore (AUTONOMOUS) BGS HEALTH & EDUCATION CITY,NO 67, UTTARAHALLI ROAD.KENGERI, BANGALORE -60",CS,COMPUTER SCIENCE,20027,GMR,19996,GMR,23880,GMR,30134,GMR,30134,GMR,Safe
E011,"M V J College of Engineering, Bangalore(AUTONOMOUS) NEAR ITPB,CHANNASANDRA,KADUGODI POST,BANGALORE",AM,AM,23569,GMR,22443,GMR,26347,3AG,30282,GMR,30282,GMR,Safe
E060,"Dr. Ambedkar Institute of Technology, Bangalore(AUTONOMOUS) OUTER RING ROAD,NEAR JNANA BHARATHI CAMPUS,MALLATHAHALLI,BANGALORE-560056",IS,INFORMATION SCIENCE,19440,GMR,19899,GMR,24229,GMR,30435,GMR,30435,GMR,Safe
E048,"B M S College of Engineering, Basavanagudi, Bangalore (AUTONOMOUS) POST BOX NO 1908, BULL TEMPLE ROAD,BANGALORE",ME,ME,21879,GMR,21879,GMR,21879,GMR,30625,GMR,30625,GMR,Safe
E097,"C M R Institute of Technology, Kundala Halli village, Bangalore # 132, KUNDALAHALLI VILLAGE,IT PARK ROAD,BANGALORE - 560 037",EC,EC,25192,3AR,22338,3AR,30674,3AR,30674,3AR,30674,3AR,Safe
E082,"J S S Academy of Technical Education, Bangalore JSSATE CAMPUS,UTTARAHALLI-KENGERI ROAD ,BANGALORE 560060",IS,INFORMATION SCIENCE,20462,GMR,19417,GMR,22838,GMR,30741,GMR,30741,GMR,Safe
E212,"Dayananda Sagar Academy of Technology & Management Technical Campus, Bangalore(AUTONOMOUS) UDAYAPURA,KANAKAPURA ROAD,BANGALORE URBAN",DS,DATA SCIENCES,23254,GMR,19858,GMR,24892,GMR,30817,GMR,30817,GMR,Safe
E079,"Acharya Institute of Technology, Soldevanahalli,Chikkabanavara post, Bangalore SOLDEVANAHALLI, HESARAGHATTA MAIN ROAD, CHIKKABANAVARA POST,BANGALORE URBAN",CS,COMPUTER SCIENCE,23187,3AR,23187,3AR,28596,3AR,31139,3AR,31139,3AR,Safe
E149,"Cambridge Institutute of Technology, K.R.Puram, Bangalore(AUTONOMOUS) K R PURAM,BANGALORE",AM,AM,26416,GMR,26007,3AG,31413,GMR,31413,GMR,31413,GMR,Safe
E036,"K L E Technological Univeristy, Belgaum Campus (Formerly KLE Dr M.S.Sheshagiri College of Engineering and Technology) UDYAMBAGH,BELGAUM",CS,COMPUTER SCIENCE,22526,3AG,20508,3AG,27570,3AG,31492,3AG,31492,3AG,Safe
E212,"Dayananda Sagar Academy of Technology & Management Technical Campus, Bangalore(AUTONOMOUS) UDAYAPURA,KANAKAPURA ROAD,BANGALORE URBAN",IOTCS,IOTCS,24457,GMR,20614,GMR,30817,GMR,31498,GMR,31498,GMR,Safe
E061,"University B.D.T College of Engineering, Davanagere P J EXTENSION,HADADI ROAD,DAVENGERE",CS,COMPUTER SCIENCE,27474,3AG,27579,3AG,31988,GMR,31988,GMR,31988,GMR,Safe
E115,"S.J B. Institute of Technology, Bangalore (AUTONOMOUS) BGS HEALTH & EDUCATION CITY,NO 67, UTTARAHALLI ROAD.KENGERI, BANGALORE -60",AM,AM,21030,GMR,21030,GMR,23374,GMR,32041,GMR,32041,GMR,Safe
E235,"M . S . Ramaiah University of Applied Sciences UNIVERSITY HOUSE, GNANAGANGOTHRI CAMPUS, NEW BEL ROAD, MSR ROAD, BANGALORE - 560054",RI,RI,26095,GMR,23290,GMR,28695,GMR,32064,3AG,32064,3AG,Safe
E001,"Univesity of Visvesvaraya College of Engineering (A State Autonomous Public University on IIT Model) K R Circle, Bangalore",EE,EE,23276,3AR,23276,3AR,31383,3AR,32129,3AR,32129,3AR,Safe
E232,"REVA University RUKMINI KNOWLEDGE PARK, KATTIGENAHALLI, YELAHANKA,BANGALORE - 560064,",IT,IT,24391,GMR,23950,GMR,32209,GMR,32209,GMR,32209,GMR,Safe
E060,"Dr. Ambedkar Institute of Technology, Bangalore(AUTONOMOUS) OUTER RING ROAD,NEAR JNANA BHARATHI CAMPUS,MALLATHAHALLI,BANGALORE-560056",EC,EC,24627,3AR,22323,3AR,28553,3AR,32389,3AR,32389,3AR,Safe
E232,"REVA University RUKMINI KNOWLEDGE PARK, KATTIGENAHALLI, YELAHANKA,BANGALORE - 560064,",CS,COMPUTER SCIENCE,24926,3AR,23884,3AR,32447,3AR,32447,3AR,32447,3AR,Safe
E079,"Acharya Institute of Technology, Soldevanahalli,Chikkabanavara post, Bangalore SOLDEVANAHALLI, HESARAGHATTA MAIN ROAD, CHIKKABANAVARA POST,BANGALORE URBAN",AM,AM,23374,GMR,21443,GMR,26408,GMR,32601,GMR,32601,GMR,Safe
E133,"G S S S Institute of Engineering & Technology for Women, Mysore K.R.S. ROAD, METAGALLI INDUSTRIAL AREA, MYSORE-16",AD,AD,26015,3AG,25181,GMR,31397,GMR,32629,3AG,32629,3AG,Safe
E012,"Sir M.Visvesvaraya Institute of Technology, Bangalore KRISHNADEVARAYANAGAR, HUNASAMARANAHALLI, VIA YELAHANKA,BANGALORE - 562 157",EC,EC,21374,GMR,20371,GMR,26681,GMR,32784,3AG,32784,3AG,Safe
E240,"Dayananda Sagar University DEVARAKAGGALAHALLI VILLAGE, HAROHALLI, KANAKAPURA MAIN ROAD, RAMANAGAR DIST",AM,AM,31214,3AR,30237,3AR,31214,3AR,32814,3AR,32814,3AR,Safe
E034,"SDM College of Engineering, Dharwad (AUTONOMOUS) DHAVALAGIRI,KALGHATGI ROAD,DHARWAD",EC,EC,19230,GMR,21226,GMR,25012,3AG,32849,3AG,32849,3AG,Safe
E115,"S.J B. Institute of Technology, Bangalore (AUTONOMOUS) BGS HEALTH & EDUCATION CITY,NO 67, UTTARAHALLI ROAD.KENGERI, BANGALORE -60",DS,DATA SCIENCES,24957,GMR,23254,GMR,25344,GMR,33116,GMR,33116,GMR,Safe
E212,"Dayananda Sagar Academy of Technology & Management Technical Campus, Bangalore(AUTONOMOUS) UDAYAPURA,KANAKAPURA ROAD,BANGALORE URBAN",IS,INFORMATION SCIENCE,22203,GMR,22340,GMR,24957,GMR,33236,GMR,33236,GMR,Safe
E133,"G S S S Institute of Engineering & Technology for Women, Mysore K.R.S. ROAD, METAGALLI INDUSTRIAL AREA, MYSORE-16",IS,INFORMATION SCIENCE,25789,3AR,25789,3AR,33271,3AR,33271,3AR,33271,3AR,Safe
E048,"B M S College of Engineering, Basavanagudi, Bangalore (AUTONOMOUS) POST BOX NO 1908, BULL TEMPLE ROAD,BANGALORE",BT,BIO-TECHNOLOGY,29493,GMR,32519,GMR,33277,GMR,33277,GMR,33277,GMR,Safe
E002,"Govt.S K S J T Institute of Engineering, Bangalore AMBEDKAR VEEDHI, K.R. CIRCLE, BANGALORE-01",CS,COMPUTER SCIENCE,16036,3AR,19663,3AR,26783,3AR,33292,3AR,33292,3AR,Safe
E009,"PES University 100 Feet Ring Road, Banashankari, 3rd Stage, Hosakerehalli, Near DSERT, , Bangalore KARNATAKA, pin code -560085",ME,ME,20682,GMR,12437,GMR,33345,GMR,33345,GMR,33345,GMR,Safe
E235,"M . S . Ramaiah University of Applied Sciences UNIVERSITY HOUSE, GNANAGANGOTHRI CAMPUS, NEW BEL ROAD, MSR ROAD, BANGALORE - 560054",MC2,MC2,33528,3AR,33528,3AR,33528,3AR,33528,3AR,33528,3AR,Safe
E012,"Sir M.Visvesvaraya Institute of Technology, Bangalore KRISHNADEVARAYANAGAR, HUNASAMARANAHALLI, VIA YELAHANKA,BANGALORE - 562 157",RI,RI,20614,GMR,19195,GMR,28970,GMR,33868,3AG,33868,3AG,Safe
E232,"REVA University RUKMINI KNOWLEDGE PARK, KATTIGENAHALLI, YELAHANKA,BANGALORE - 560064,",AE,AGRICULTURE ENGINEERING,30517,GMR,24122,3AG,33801,GMR,33907,3AG,33907,3AG,Safe
E079,"Acharya Institute of Technology, Soldevanahalli,Chikkabanavara post, Bangalore SOLDEVANAHALLI, HESARAGHATTA MAIN ROAD, CHIKKABANAVARA POST,BANGALORE URBAN",DS,DATA SCIENCES,24447,GMR,23255,3AG,29440,GMR,33956,3AG,33956,3AG,Safe
E065,"Jawaharlal Nehru New College of Engineering, Shimoga P.B. NO. 128,NAVULE, SHIMOGA",AM,AM,29484,3AG,29484,3AG,34003,GMR,34003,GMR,34003,GMR,Safe
E049,"B V V Sangha`s Basaveshwara Engineering College , Bagalkote (AUTONOMOUS) NIJALINGAPPA ROAD,BAGALKOT 587102",AM,AM,32040,GMR,30472,3AG,34095,GMR,34095,GMR,34095,GMR,Safe
E115,"S.J B. Institute of Technology, Bangalore (AUTONOMOUS) BGS HEALTH & EDUCATION CITY,NO 67, UTTARAHALLI ROAD.KENGERI, BANGALORE -60",IS,INFORMATION SCIENCE,24203,GMR,23880,GMR,29458,GMR,34128,GMR,34128,GMR,Safe
E160,"Sahyadri College Of Engineering & Management, Adyar, Mangalore(AUTONOMOUS) 'SAHYADRI CAMPUS'N.H-48, ADYAR,MANGALORE",AM,AM,27192,3AG,27669,3AG,34408,3AG,34408,3AG,34408,3AG,Safe
E232,"REVA University RUKMINI KNOWLEDGE PARK, KATTIGENAHALLI, YELAHANKA,BANGALORE - 560064,",IS,INFORMATION SCIENCE,23950,GMR,23344,GMR,25650,GMR,34716,GMR,34716,GMR,Safe
E058,"P E S College of Engineering, Mandya(AUTONOMOUS) MANDYA: 571 401",AM,AM,30601,GMR,26495,GMR,32368,GMR,34856,3AG,34856,3AG,Safe
E011,"M V J College of Engineering, Bangalore(AUTONOMOUS) NEAR ITPB,CHANNASANDRA,KADUGODI POST,BANGALORE",CS,COMPUTER SCIENCE,23204,GMR,23243,GMR,27801,GMR,34928,GMR,34928,GMR,Safe
E007,"Dayananda Sagar College of Engineering, Bangalore(AUTONOMOUS) SHAVIGE MALLESHWARA HILLS, KUMARASWAMY LAYOUT, BANGALORE-560078",EE,EE,25997,GMR,25232,GMR,31552,GMR,35243,GMR,35243,GMR,Safe
E060,"Dr. Ambedkar Institute of Technology, Bangalore(AUTONOMOUS) OUTER RING ROAD,NEAR JNANA BHARATHI CAMPUS,MALLATHAHALLI,BANGALORE-560056",CBS,CBS,23290,GMR,24229,GMR,28531,3AG,35278,3AG,35278,3AG,Safe
E011,"M V J College of Engineering, Bangalore(AUTONOMOUS) NEAR ITPB,CHANNASANDRA,KADUGODI POST,BANGALORE",DS,DATA SCIENCES,24753,GMR,24148,GMR,29751,GMR,35807,GMR,35807,GMR,Safe
E008,"Bangalore Institute of Technology, K.R.Road, Bangalore (AUTONOMOUS) K.R.ROAD, V.V.PURA, BANGALORE-560004",EE,EE,26055,GMR,26055,GMR,32129,GMR,36002,GMR,36002,GMR,Safe
E016,"Siddaganga Institute of Technology,Tumkur",EE,EE,23411,GMR,23411,GMR,35108,GMR,36453,GMR,36453,GMR,Safe
E008,"Bangalore Institute of Technology, K.R.Road, Bangalore (AUTONOMOUS) K.R.ROAD, V.V.PURA, BANGALORE-560004",ET,ET,24229,GMR,23008,GMR,32895,GMR,36696,GMR,36696,GMR,Safe
E103,"Global Academy of Technology, Bangalore(AUTONOMOUS) IDEAL HOMES TOWNSHIP,RAJARAJESHWARINAGAR,BANGALORE-560098",CS,COMPUTER SCIENCE,25858,3AR,24511,3AR,30758,3AR,36714,3AR,36714,3AR,Safe
E149,"Cambridge Institutute of Technology, K.R.Puram, Bangalore(AUTONOMOUS) K R PURAM,BANGALORE",CS,COMPUTER SCIENCE,30167,3AR,30058,3AR,33572,3AR,36737,3AR,36737,3AR,Safe
E082,"J S S Academy of Technical Education, Bangalore JSSATE CAMPUS,UTTARAHALLI-KENGERI ROAD ,BANGALORE 560060",EC,EC,26175,GMR,24071,GMR,28594,GMR,36893,GMR,36893,GMR,Safe
E103,"Global Academy of Technology, Bangalore(AUTONOMOUS) IDEAL HOMES TOWNSHIP,RAJARAJESHWARINAGAR,BANGALORE-560098",AM,AM,29045,GMR,25617,GMR,33116,GMR,37268,GMR,37268,GMR,Safe
E149,"Cambridge Institutute of Technology, K.R.Puram, Bangalore(AUTONOMOUS) K R PURAM,BANGALORE",DS,DATA SCIENCES,34853,3AR,30167,3AR,36321,3AR,37289,3AR,37289,3AR,Safe
E007,"Dayananda Sagar College of Engineering, Bangalore(AUTONOMOUS) SHAVIGE MALLESHWARA HILLS, KUMARASWAMY LAYOUT, BANGALORE-560078",ET,ET,19227,GMR,20446,GMR,22029,GMR,37797,GMR,37797,GMR,Safe
E049,"B V V Sangha`s Basaveshwara Engineering College , Bagalkote (AUTONOMOUS) NIJALINGAPPA ROAD,BAGALKOT 587102",CS,COMPUTER SCIENCE,26360,GMR,28146,3AG,35415,3AG,38201,GMR,38201,GMR,Safe
E220,"ALLIANCE University Central Campus, Chikkahadage Cross Chandapura-Anekal, Main Road, Bengaluru, Karnataka 562106",AM,AM,34443,GMR,38301,GMR,38301,GMR,38301,GMR,38301,GMR,Safe
E007,"Dayananda Sagar College of Engineering, Bangalore(AUTONOMOUS) SHAVIGE MALLESHWARA HILLS, KUMARASWAMY LAYOUT, BANGALORE-560078",BT,BIO-TECHNOLOGY,31309,GMR,32860,GMR,32860,GMR,38431,3AG,38431,3AG,Safe
E126,"B M S Institute of Technology & Management, Yelahanka, Bangalore(AUTONOMOUS) POST BOX NO.6443, AVALAHALLI,DODDABALLAPURA MAIN ROAD,YELAHANKA, BANGALORE - 560064.",EE,EE,29737,GMR,27832,GMR,30655,GMR,38508,3AG,38508,3AG,Safe
E060,"Dr. Ambedkar Institute of Technology, Bangalore(AUTONOMOUS) OUTER RING ROAD,NEAR JNANA BHARATHI CAMPUS,MALLATHAHALLI,BANGALORE-560056",VL,VL,40280,3AR,30963,3AR,38565,3AR,38565,3AR,38565,3AR,Safe
E006,"M S Ramaiah Institute of Technology, Bangalore(AUTONOMOUS) VIDYA SOUDHA,MSR NAGAR,MSRIT POST,BANGALORE - 560054.",BT,BIO-TECHNOLOGY,18079,GMR,25457,GMR,30568,GMR,38676,GMR,38676,GMR,Safe
E058,"P E S College of Engineering, Mandya(AUTONOMOUS) MANDYA: 571 401",CS,COMPUTER SCIENCE,29446,GMR,27262,GMR,36016,GMR,39100,GMR,39100,GMR,Safe
E079,"Acharya Institute of Technology, Soldevanahalli,Chikkabanavara post, Bangalore SOLDEVANAHALLI, HESARAGHATTA MAIN ROAD, CHIKKABANAVARA POST,BANGALORE URBAN",IS,INFORMATION SCIENCE,28422,3AR,26757,3AR,33125,3AR,39218,3AR,39218,3AR,Safe
E031,"B V V Sangha`s Basaveshwara Engineering College , Bagalkote (AUTONOMOUS) NIJALINGAPPA ROAD,BAGALKOT 587102",EC,EC,29738,3AG,30209,3AG,39309,3AG,39309,3AG,39309,3AG,Safe
E212,"Dayananda Sagar Academy of Technology & Management Technical Campus, Bangalore(AUTONOMOUS) UDAYAPURA,KANAKAPURA ROAD,BANGALORE URBAN",EC,EC,25486,GMR,23872,GMR,30122,GMR,39359,GMR,39359,GMR,Safe
E286,"BGS College of Engineering & Technology,Bangalore",CS,COMPUTER SCIENCE,28072,GMR,28728,GMR,31241,GMR,40357,GMR,40357,GMR,Safe
E220,"ALLIANCE University Central Campus, Chikkahadage Cross Chandapura-Anekal, Main Road, Bengaluru, Karnataka 562106",CY,CY,39463,GMR,39463,GMR,39463,GMR,40363,3AG,40363,3AG,Safe
E079,"Acharya Institute of Technology, Soldevanahalli,Chikkabanavara post, Bangalore SOLDEVANAHALLI, HESARAGHATTA MAIN ROAD, CHIKKABANAVARA POST,BANGALORE URBAN",EC,EC,28809,GMR,29761,GMR,37312,GMR,40593,3AG,40593,3AG,Safe
E005,"R. V. College of Engineering, Bangalore(AUTONOMOUS) R.V. VIDYANIKETAN POST, MYSORE ROAD,BANGALORE",CE,COMPUTER ENGINEERING,12735,GMR,21085,GMR,25157,GMR,40611,GMR,40611,GMR,Safe
E240,"Dayananda Sagar University DEVARAKAGGALAHALLI VILLAGE, HAROHALLI, KANAKAPURA MAIN ROAD, RAMANAGAR DIST",DS,DATA SCIENCES,34883,GMR,34137,GMR,38485,GMR,40768,GMR,40768,GMR,Safe
E006,"M S Ramaiah Institute of Technology, Bangalore(AUTONOMOUS) VIDYA SOUDHA,MSR NAGAR,MSRIT POST,BANGALORE - 560054.",ME,ME,24922,GMR,23993,GMR,27198,GMR,40848,GMR,40848,GMR,Safe
E036,"K L E Technological Univeristy, Belgaum Campus (Formerly KLE Dr M.S.Sheshagiri College of Engineering and Technology) UDYAMBAGH,BELGAUM",EC,EC,27736,3AG,23735,GMR,29738,3AG,40962,3AG,40962,3AG,Safe
E160,"Sahyadri College Of Engineering & Management, Adyar, Mangalore(AUTONOMOUS) 'SAHYADRI CAMPUS'N.H-48, ADYAR,MANGALORE",IS,INFORMATION SCIENCE,29895,3AG,28910,3AG,41120,3AG,41120,3AG,41120,3AG,Safe
E103,"Global Academy of Technology, Bangalore(AUTONOMOUS) IDEAL HOMES TOWNSHIP,RAJARAJESHWARINAGAR,BANGALORE-560098",AD,AD,31407,3AR,30425,3AR,34137,3AR,41247,3AR,41247,3AR,Safe
E115,"S.J B. Institute of Technology, Bangalore (AUTONOMOUS) BGS HEALTH & EDUCATION CITY,NO 67, UTTARAHALLI ROAD.KENGERI, BANGALORE -60",EC,EC,29628,GMR,29275,GMR,33579,GMR,41395,GMR,41395,GMR,Safe
E079,"Acharya Institute of Technology, Soldevanahalli,Chikkabanavara post, Bangalore SOLDEVANAHALLI, HESARAGHATTA MAIN ROAD, CHIKKABANAVARA POST,BANGALORE URBAN",RI,RI,32184,GMR,31017,GMR,36301,GMR,41922,GMR,41922,GMR,Safe
E057,"JSS Science and Technology University JSS TECHNICAL INSTITUTIONS CAMPUS, MANASAGANGOTHRI, MYSURU 570006",BT,BIO-TECHNOLOGY,41022,3AR,41022,3AR,42179,3AR,42179,3AR,42179,3AR,Safe
E071,"Vidya Vardhaka College of Engineering, Mysore(AUTONOMOUS) P.B.NO.206,GOKULAM 3RD STAGE,MYSORE",EC,EC,27771,3AR,27771,3AR,33449,3AR,42189,3AR,42189,3AR,Safe
E133,"G S S S Institute of Engineering & Technology for Women, Mysore K.R.S. ROAD, METAGALLI INDUSTRIAL AREA, MYSORE-16",EC,EC,31898,GMR,29879,GMR,36349,GMR,42552,GMR,42552,GMR,Safe
E006,"M S Ramaiah Institute of Technology, Bangalore(AUTONOMOUS) VIDYA SOUDHA,MSR NAGAR,MSRIT POST,BANGALORE - 560054.",CH,CH,16417,3AG,16487,3AG,30947,GMR,42666,GMR,42666,GMR,Safe
E149,"Cambridge Institutute of Technology, K.R.Puram, Bangalore(AUTONOMOUS) K R PURAM,BANGALORE",IOTCS,IOTCS,32314,GMR,32297,GMR,39822,GMR,42864,GMR,42864,GMR,Safe
E082,"J S S Academy of Technical Education, Bangalore JSSATE CAMPUS,UTTARAHALLI-KENGERI ROAD ,BANGALORE 560060",RA,RA,21936,GMR,20754,GMR,28668,GMR,42909,GMR,42909,GMR,Safe
E002,"Govt.S K S J T Institute of Engineering, Bangalore AMBEDKAR VEEDHI, K.R. CIRCLE, BANGALORE-01",EC,EC,26548,GMR,27044,GMR,37297,GMR,43183,GMR,43183,GMR,Safe
E009,"PES University 100 Feet Ring Road, Banashankari, 3rd Stage, Hosakerehalli, Near DSERT, , Bangalore KARNATAKA, pin code -560085",BT,BIO-TECHNOLOGY,21465,GMR,21465,GMR,40417,GMR,43246,GMR,43246,GMR,Safe
E017,"Sri Siddhartha Institute of Technology MARALUR ,TUMKUR",AM,AM,37311,3AG,35435,3AG,43447,3AG,43447,3AG,43447,3AG,Safe
E240,"Dayananda Sagar University DEVARAKAGGALAHALLI VILLAGE, HAROHALLI, KANAKAPURA MAIN ROAD, RAMANAGAR DIST",EC,EC,34538,GMR,37074,GMR,43064,GMR,43837,GMR,43837,GMR,Safe
E065,"Jawaharlal Nehru New College of Engineering, Shimoga P.B. NO. 128,NAVULE, SHIMOGA",CS,COMPUTER SCIENCE,33432,GMR,32946,GMR,38493,GMR,44030,GMR,44030,GMR,Safe
E240,"Dayananda Sagar University DEVARAKAGGALAHALLI VILLAGE, HAROHALLI, KANAKAPURA MAIN ROAD, RAMANAGAR DIST",CY,CY,35568,GMR,33168,GMR,38811,GMR,44227,GMR,44227,GMR,Safe
E103,"Global Academy of Technology, Bangalore(AUTONOMOUS) IDEAL HOMES TOWNSHIP,RAJARAJESHWARINAGAR,BANGALORE-560098",IS,INFORMATION SCIENCE,29190,GMR,28422,GMR,34622,GMR,44276,GMR,44276,GMR,Safe
E240,"Dayananda Sagar University DEVARAKAGGALAHALLI VILLAGE, HAROHALLI, KANAKAPURA MAIN ROAD, RAMANAGAR DIST",AE,AGRICULTURE ENGINEERING,31375,GMR,25026,GMR,31375,GMR,44567,3AG,44567,3AG,Safe
E047,"Malnad College of Engineering, Hassan(AUTONOMOUS) P.B. NO. 21, SALAGAME ROAD,HASSSAN",AM,AM,29948,GMR,28344,GMR,34911,GMR,44658,GMR,44658,GMR,Safe
E011,"M V J College of Engineering, Bangalore(AUTONOMOUS) NEAR ITPB,CHANNASANDRA,KADUGODI POST,BANGALORE",IS,INFORMATION SCIENCE,27079,GMR,25929,GMR,32831,GMR,44807,GMR,44807,GMR,Safe
E078,"The Oxford College of Engineering, Bangalore HOSUR ROAD,BOMMANAHALLI,BANGALORE",CS,COMPUTER SCIENCE,31650,GMR,31241,GMR,36942,GMR,45132,GMR,45132,GMR,Safe
E257,"CMR University Main Campus, Off Hennur Bagalur Main Road, Chagalatti, Bangalore",AM,AM,31808,GMR,31214,GMR,40085,GMR,45200,GMR,45200,GMR,Safe
E078,"The Oxford College of Engineering, Bangalore HOSUR ROAD,BOMMANAHALLI,BANGALORE",AD,AD,28835,GMR,31407,GMR,41247,3AG,45549,GMR,45549,GMR,Safe
E006,"M S Ramaiah Institute of Technology, Bangalore(AUTONOMOUS) VIDYA SOUDHA,MSR NAGAR,MSRIT POST,BANGALORE - 560054.",ML,ML,27943,GMR,37278,GMR,45600,GMR,45600,GMR,45600,GMR,Safe
E058,"P E S College of Engineering, Mandya(AUTONOMOUS) MANDYA: 571 401",DS,DATA SCIENCES,37778,GMR,31194,GMR,42189,GMR,45727,3AG,45727,3AG,Safe
E024,"Malnad College of Engineering, Hassan(AUTONOMOUS) P.B. NO. 21, SALAGAME ROAD,HASSSAN",EC,EC,36651,3AR,35935,3AR,43047,3AR,45853,3AR,45853,3AR,Safe
E003,"B M S College of Engineering, Basavanagudi, Bangalore (AUTONOMOUS) POST BOX NO 1908, BULL TEMPLE ROAD,BANGALORE",CE,COMPUTER ENGINEERING,34073,GMR,31746,GMR,42405,GMR,46090,GMR,46090,GMR,Safe
E079,"Acharya Institute of Technology, Soldevanahalli,Chikkabanavara post, Bangalore SOLDEVANAHALLI, HESARAGHATTA MAIN ROAD, CHIKKABANAVARA POST,BANGALORE URBAN",AN,AN,37962,GMR,38675,GMR,46108,GMR,46108,GMR,46108,GMR,Safe
E078,"The Oxford College of Engineering, Bangalore HOSUR ROAD,BOMMANAHALLI,BANGALORE",AM,AM,33124,GMR,33124,GMR,38204,GMR,46322,3AG,46322,3AG,Safe
E056,"The National Institute of Engineering(SOUTH CAMPUS), Mysore(AUTONOMOUS) MANANDAVADI ROAD,MYSORE 570008",EE,EE,27034,GMR,27290,GMR,46706,GMR,46706,GMR,46706,GMR,Safe
E235,"M . S . Ramaiah University of Applied Sciences UNIVERSITY HOUSE, GNANAGANGOTHRI CAMPUS, NEW BEL ROAD, MSR ROAD, BANGALORE - 560054",EE,EE,29141,GMR,28983,GMR,39218,GMR,46842,3AG,46842,3AG,Safe
E237,"PRESIDENCY University ITGALPURA, RAJANUKUNTE, YELAHANKA, BENGALURU - 560 064",AM,AM,40066,3AR,38091,3AR,43265,3AR,46959,3AR,46959,3AR,Safe
E016,"Siddaganga Institute of Technology,Tumkur",BT,BIO-TECHNOLOGY,28624,GMR,28624,GMR,47009,GMR,47316,GMR,47316,GMR,Safe
E037,"K.L.S. Gogte Institute of Technology, Belgaum.(AUTONOMOUS) ""JNANA GANGA"", UDYAMBAG,BELGAUM",EE,EE,33359,3AG,33359,3AG,47340,3AG,47340,3AG,47340,3AG,Safe
E240,"Dayananda Sagar University DEVARAKAGGALAHALLI VILLAGE, HAROHALLI, KANAKAPURA MAIN ROAD, RAMANAGAR DIST",CS,COMPUTER SCIENCE,37057,3AR,35907,3AR,45801,3AR,47467,3AR,47467,3AR,Safe
E023,"P E S College of Engineering, Mandya(AUTONOMOUS) MANDYA: 571 401",EC,EC,32818,3AR,35822,3AR,42605,3AR,47937,3AR,47937,3AR,Safe
E016,"Siddaganga Institute of Technology,Tumkur",EI,EI,31552,GMR,35108,GMR,48175,GMR,48175,GMR,48175,GMR,Safe
E241,"KLE Technological University(Formerly (BVBCET) BVBHOOMARADDI COLLEGE CAMPUS, VIDYANAGAR, HUBBALLI",EE,EE,29635,GMR,29465,GMR,48458,3AG,48458,3AG,48458,3AG,Safe
E011,"M V J College of Engineering, Bangalore(AUTONOMOUS) NEAR ITPB,CHANNASANDRA,KADUGODI POST,BANGALORE",CD,COMMUNICATION DESIGN,30963,GMR,27816,3AG,37131,3AG,48653,3AG,48653,3AG,Safe
E048,"B M S College of Engineering, Basavanagudi, Bangalore (AUTONOMOUS) POST BOX NO 1908, BULL TEMPLE ROAD,BANGALORE",CH,CH,21816,3AG,21060,3AG,40270,GMR,48724,GMR,48724,GMR,Safe
E149,"Cambridge Institutute of Technology, K.R.Puram, Bangalore(AUTONOMOUS) K R PURAM,BANGALORE",EC,EC,39460,GMR,38682,GMR,44455,GMR,49152,3AG,49152,3AG,Safe
E241,"KLE Technological University(Formerly (BVBCET) BVBHOOMARADDI COLLEGE CAMPUS, VIDYANAGAR, HUBBALLI",VL,VL,21199,3AR,21199,3AR,49516,3AR,49516,3AR,49516,3AR,Safe
E232,"REVA University RUKMINI KNOWLEDGE PARK, KATTIGENAHALLI, YELAHANKA,BANGALORE - 560064,",EC,EC,31923,GMR,31923,GMR,36022,GMR,49530,GMR,49530,GMR,Safe
E286,"BGS College of Engineering & Technology,Bangalore",AM,AM,30282,3AR,30758,3AR,34985,3AR,49559,3AR,49559,3AR,Safe
E021,"Sri Jayachamarajendra College of Engineering(Constituent College of JSS Science & Technology University), Mysore JSS TECHNICAL INSTITUTIONS CAMPUS,MANASAGANGOTHRI PO,MYSORE",EI,EI,42420,3AR,36667,3AR,36667,3AR,49656,3AR,49656,3AR,Safe
E103,"Global Academy of Technology, Bangalore(AUTONOMOUS) IDEAL HOMES TOWNSHIP,RAJARAJESHWARINAGAR,BANGALORE-560098",EC,EC,35012,GMR,32565,GMR,42909,GMR,49721,GMR,49721,GMR,Safe
E091,"K S Institute of Technology, Raghuvanahalli, Bangalore(AUTONOMOUS) #14,RAGUVANAHALLI, KANAKAPURA MAIN ROAD,BANGALORE - 560 062.",AM,AM,34985,GMR,37098,GMR,41362,GMR,49924,GMR,49924,GMR,Safe
E062,"Bapuji Institute of Engineering & Technology, Davangere (AUTONOMOUS) BAPUJI INSTITUTE OF ENGINEERING & TECHNOLOGY,P.B. NO.325,SHAMANUR ROAD,DAVANGERE-577 004",AM,AM,40709,3AG,43227,3AG,46462,3AG,50253,GMR,50253,GMR,Safe
E047,"Malnad College of Engineering, Hassan(AUTONOMOUS) P.B. NO. 21, SALAGAME ROAD,HASSSAN",CS,COMPUTER SCIENCE,32644,3AR,32644,3AR,42970,3AR,50320,3AR,50320,3AR,Safe
E160,"Sahyadri College Of Engineering & Management, Adyar, Mangalore(AUTONOMOUS) 'SAHYADRI CAMPUS'N.H-48, ADYAR,MANGALORE",RA,RA,41708,3AG,41708,3AG,50438,3AG,50438,3AG,50438,3AG,Safe
E286,"BGS College of Engineering & Technology,Bangalore",IS,INFORMATION SCIENCE,33094,GMR,32601,GMR,40151,GMR,50649,GMR,50649,GMR,Safe
E098,"Atria Institute of Technology, Anand Nagar, Hebbal PO, Bangalore (AUTONOMOUS) ASKB CAMPUS, AG'S COLONY, 1ST MAIN, ANANDNAGAR,BANGALORE",AM,AM,37813,GMR,38199,GMR,38363,GMR,51145,GMR,51145,GMR,Safe
E155,"Government Engineering College, Hassan DAIRY CIRCLE, B M ROAD, HASSAN",AM,AM,38906,GMR,37518,GMR,49818,GMR,51531,GMR,51531,GMR,Safe
E158,"Maharaja Institute of Technology Mysore,Belawadi,Srirangapatna,Mandya(AUTONOMOUS) BEHIND K R MILLS,BELAWADI VILLAGE,NAGUVANAHALLI PANCHAYAT,SRIRANGAPATNA TALUK,MANDYA DISTRICT",CS,COMPUTER SCIENCE,42358,GMR,36349,GMR,49101,GMR,51597,3AG,51597,3AG,Safe
E016,"Siddaganga Institute of Technology,Tumkur",ET,ET,22191,GMR,24846,GMR,43387,3AR,51776,3AR,51776,3AR,Safe
E047,"Malnad College of Engineering, Hassan(AUTONOMOUS) P.B. NO. 21, SALAGAME ROAD,HASSSAN",EC,EC,38223,GMR,38435,GMR,51851,GMR,51851,GMR,51851,GMR,Safe
E151,"Mangalore Institute of Technology & Engineering, Moodabidri, Mangalore(AUTONOMOUS) BADAGA MIJAR,",AM,AM,41916,3AG,39154,3AG,44913,3AG,52260,3AG,52260,3AG,Safe
E196,"Jain College of Engineering,Machche, Belgaum T.S. NAGAR,HUNCHANHATTI ROAD,MACCHE, BELGAUM- 590014.",AM,AM,45763,3AG,45763,3AG,52010,3AG,52467,3AG,52467,3AG,Safe
E118,"RNS Institute of Technology, Bangalore (AUTONOMOUS) CHANNASANDRA,UTTARAHALLI -KENGERI MAIN ROAD,SUBRAMANYAPURA POST,BANGALORE",EE,EE,34471,GMR,35768,GMR,52390,GMR,52553,GMR,52553,GMR,Safe
E008,"Bangalore Institute of Technology, K.R.Road, Bangalore (AUTONOMOUS) K.R.ROAD, V.V.PURA, BANGALORE-560004",EI,EI,45301,3AR,41075,3AR,41075,3AR,52577,3AR,52577,3AR,Safe
E006,"M S Ramaiah Institute of Technology, Bangalore(AUTONOMOUS) VIDYA SOUDHA,MSR NAGAR,MSRIT POST,BANGALORE - 560054.",CE,COMPUTER ENGINEERING,42258,3AR,31026,3AR,52829,3AR,52829,3AR,52829,3AR,Safe
E011,"M V J College of Engineering, Bangalore(AUTONOMOUS) NEAR ITPB,CHANNASANDRA,KADUGODI POST,BANGALORE",EC,EC,32328,GMR,31305,GMR,40235,GMR,52929,GMR,52929,GMR,Safe
E049,"B V V Sangha`s Basaveshwara Engineering College , Bagalkote (AUTONOMOUS) NIJALINGAPPA ROAD,BAGALKOT 587102",EC,EC,38018,3AG,38018,3AG,52946,3AG,52946,3AG,52946,3AG,Safe
E004,"Dr. Ambedkar Institute of Technology, Bangalore(AUTONOMOUS) OUTER RING ROAD,NEAR JNANA BHARATHI CAMPUS,MALLATHAHALLI,BANGALORE-560056",EE,EE,32835,GMR,33201,GMR,43184,GMR,53034,3AG,53034,3AG,Safe
E022,"The National Institute of Engineering(SOUTH CAMPUS), Mysore(AUTONOMOUS) MANANDAVADI ROAD,MYSORE 570008",ME,ME,61681,GMR,53781,GMR,53781,GMR,53781,GMR,53781,GMR,Safe
E048,"B M S College of Engineering, Basavanagudi, Bangalore (AUTONOMOUS) POST BOX NO 1908, BULL TEMPLE ROAD,BANGALORE",CE,COMPUTER ENGINEERING,35935,GMR,37026,GMR,53988,GMR,53988,GMR,53988,GMR,Safe
E021,"Sri Jayachamarajendra College of Engineering(Constituent College of JSS Science & Technology University), Mysore JSS TECHNICAL INSTITUTIONS CAMPUS,MANASAGANGOTHRI PO,MYSORE",ME,ME,53781,GMR,53353,GMR,53396,GMR,54075,GMR,54075,GMR,Safe
E196,"Jain College of Engineering,Machche, Belgaum T.S. NAGAR,HUNCHANHATTI ROAD,MACCHE, BELGAUM- 590014.",CS,COMPUTER SCIENCE,36635,3AG,36716,GMR,51490,3AG,54201,3AG,54201,3AG,Safe
E091,"K S Institute of Technology, Raghuvanahalli, Bangalore(AUTONOMOUS) #14,RAGUVANAHALLI, KANAKAPURA MAIN ROAD,BANGALORE - 560 062.",IOTCS,IOTCS,46959,GMR,43241,GMR,46450,GMR,54325,3AG,54325,3AG,Safe
E071,"Vidya Vardhaka College of Engineering, Mysore(AUTONOMOUS) P.B.NO.206,GOKULAM 3RD STAGE,MYSORE",EE,EE,34878,GMR,34878,GMR,50820,GMR,54470,GMR,54470,GMR,Safe
E145,"Rajarajeswari College of Engineering, Bangalore (AUTONOMOUS) #14, RAMOHOLLI CROSS,KUMBALGODU, MYSORE ROAD,BANGALORE - 560074",CS,COMPUTER SCIENCE,43633,GMR,41431,GMR,51597,GMR,54602,GMR,54602,GMR,Safe
E232,"REVA University RUKMINI KNOWLEDGE PARK, KATTIGENAHALLI, YELAHANKA,BANGALORE - 560064,",EE,EE,49936,GMR,47058,GMR,53911,GMR,54659,GMR,54659,GMR,Safe
E075,"Ballari Institute of Technology & Management, Bellary(AUTONOMOUS) ""JNANA GANGOTRI"" CAMPUS, #873/2 OF KOLAGAL VILLAGE,BELLARY-HOSPET ROAD, ALLIPUR",CS,COMPUTER SCIENCE,38389,GMR,35926,3AG,54796,3AG,54796,3AG,54796,3AG,Safe
E237,"PRESIDENCY University ITGALPURA, RAJANUKUNTE, YELAHANKA, BENGALURU - 560 064",RI,RI,55030,GMR,42033,3AG,55030,GMR,55030,GMR,55030,GMR,Safe
E107,"B N M Institute of Technology, Bangalore (AUTONOMOUS) 12TH MAIN, 27TH CROSS, BSK SECOND STAGE",EE,EE,37278,GMR,47327,GMR,53877,GMR,55621,GMR,55621,GMR,Safe
E155,"Government Engineering College, Hassan DAIRY CIRCLE, B M ROAD, HASSAN",CS,COMPUTER SCIENCE,45430,3AR,43846,3AR,55725,3AR,55725,3AR,55725,3AR,Safe
E102,"DONBOSCO Institute of Technology, Bangalore(AUTONOMOUS) KUMBALAGODU, MYSORE ROAD, KENGERI HOBLI,BANGALORE-560074",AM,AM,38506,GMR,37658,GMR,51128,GMR,56264,GMR,56264,GMR,Safe
E158,"Maharaja Institute of Technology Mysore,Belawadi,Srirangapatna,Mandya(AUTONOMOUS) BEHIND K R MILLS,BELAWADI VILLAGE,NAGUVANAHALLI PANCHAYAT,SRIRANGAPATNA TALUK,MANDYA DISTRICT",AM,AM,46757,3AG,41396,3AG,50164,3AG,56271,3AG,56271,3AG,Safe
E058,"P E S College of Engineering, Mandya(AUTONOMOUS) MANDYA: 571 401",IS,INFORMATION SCIENCE,34483,3AR,34015,3AR,42542,3AR,56343,3AR,56343,3AR,Safe
E062,"Bapuji Institute of Engineering & Technology, Davangere (AUTONOMOUS) BAPUJI INSTITUTE OF ENGINEERING & TECHNOLOGY,P.B. NO.325,SHAMANUR ROAD,DAVANGERE-577 004",DS,DATA SCIENCES,49458,3AG,44582,3AG,54722,GMR,56548,3AG,56548,3AG,Safe
E078,"The Oxford College of Engineering, Bangalore HOSUR ROAD,BOMMANAHALLI,BANGALORE",IS,INFORMATION SCIENCE,37525,3AG,35516,3AG,46845,GMR,56623,3AG,56623,3AG,Safe
E102,"DONBOSCO Institute of Technology, Bangalore(AUTONOMOUS) KUMBALAGODU, MYSORE ROAD, KENGERI HOBLI,BANGALORE-560074",CS,COMPUTER SCIENCE,36965,3AR,36297,3AR,46854,3AR,57254,3AR,57254,3AR,Safe
E286,"BGS College of Engineering & Technology,Bangalore",AD,AD,32209,GMR,30042,GMR,32601,GMR,57438,GMR,57438,GMR,Safe
E098,"Atria Institute of Technology, Anand Nagar, Hebbal PO, Bangalore (AUTONOMOUS) ASKB CAMPUS, AG'S COLONY, 1ST MAIN, ANANDNAGAR,BANGALORE",CS,COMPUTER SCIENCE,39322,3AR,39303,3AR,48653,3AR,57925,3AR,57925,3AR,Safe
E014,"S J C Institute of Technology, Chickkaballapur(AUTONOMOUS) P B NO. 20, B B ROAD, CHICKBALLAPUR, CHICKBALLAPUR (DISTRICT)",AM,AM,47409,GMR,43235,3AG,55590,GMR,58241,GMR,58241,GMR,Safe
E102,"DONBOSCO Institute of Technology, Bangalore(AUTONOMOUS) KUMBALAGODU, MYSORE ROAD, KENGERI HOBLI,BANGALORE-560074",AD,AD,43387,3AR,41162,3AR,47467,3AR,58336,3AR,58336,3AR,Safe
E220,"ALLIANCE University Central Campus, Chikkahadage Cross Chandapura-Anekal, Main Road, Bengaluru, Karnataka 562106",IT,IT,55153,GMR,50585,GMR,57830,GMR,58669,3AG,58669,3AG,Safe
E160,"Sahyadri College Of Engineering & Management, Adyar, Mangalore(AUTONOMOUS) 'SAHYADRI CAMPUS'N.H-48, ADYAR,MANGALORE",EC,EC,36978,3AR,36978,3AR,41708,3AR,58752,3AR,58752,3AR,Safe
E240,"Dayananda Sagar University DEVARAKAGGALAHALLI VILLAGE, HAROHALLI, KANAKAPURA MAIN ROAD, RAMANAGAR DIST",RI,RI,40848,GMR,36301,GMR,51169,GMR,59040,GMR,59040,GMR,Safe
E014,"S J C Institute of Technology, Chickkaballapur(AUTONOMOUS) P B NO. 20, B B ROAD, CHICKBALLAPUR, CHICKBALLAPUR (DISTRICT)",CS,COMPUTER SCIENCE,39303,GMR,43043,3AG,56030,GMR,59258,GMR,59258,GMR,Safe
E290,"Visvesvaraya Technological University,VTU,CPGS,Mysuru.",AD,AD,50690,3AG,50572,GMR,57243,GMR,59316,GMR,59316,GMR,Safe
E062,"Bapuji Institute of Engineering & Technology, Davangere (AUTONOMOUS) BAPUJI INSTITUTE OF ENGINEERING & TECHNOLOGY,P.B. NO.325,SHAMANUR ROAD,DAVANGERE-577 004",CS,COMPUTER SCIENCE,39944,3AR,40942,3AR,46319,3AR,59363,3AR,59363,3AR,Safe
E061,"University B.D.T College of Engineering, Davanagere P J EXTENSION,HADADI ROAD,DAVENGERE",RI,RI,49154,3AG,59387,3AG,59387,3AG,59387,3AG,59387,3AG,Safe
E004,"Dr. Ambedkar Institute of Technology, Bangalore(AUTONOMOUS) OUTER RING ROAD,NEAR JNANA BHARATHI CAMPUS,MALLATHAHALLI,BANGALORE-560056",ET,ET,51048,3AR,42970,3AR,54950,3AR,59392,3AR,59392,3AR,Safe
E095,"AMC Engineering College, Bannerghatta Road, Bangalore(AUTONOMOUS) 18KM,BANNERAGHATTA ROAD,KALKERE,BANGALORE-560083,BANGALORE URBAN",AM,AM,47428,GMR,42941,GMR,54137,GMR,59404,GMR,59404,GMR,Safe
E237,"PRESIDENCY University ITGALPURA, RAJANUKUNTE, YELAHANKA, BENGALURU - 560 064",AD,AD,40243,GMR,32146,GMR,43238,GMR,59434,GMR,59434,GMR,Safe
E111,"Sri Venkateshwara College of Engineering, Bangalore VIDYANAGAR, BENGALURU INTERNATIONAL AIRPORT ROAD,BETTAHALASUR POST,BENGALURU NORTH,BENGALURU - 562 157",AM,AM,50065,GMR,44961,GMR,60042,GMR,60042,GMR,60042,GMR,Safe
E099,"New Horizon College of Engineering, Varthur, Bangalore(AUTONOMOUS) RING ROAD, NEAR MARATHALLI, BELLANDUR POST,KADUBHISANAHALLI,BANGALORE",EE,EE,40235,GMR,40275,GMR,58221,GMR,60206,GMR,60206,GMR,Safe
E049,"B V V Sangha`s Basaveshwara Engineering College , Bagalkote (AUTONOMOUS) NIJALINGAPPA ROAD,BAGALKOT 587102",IS,INFORMATION SCIENCE,44625,GMR,39893,3AG,48672,3AG,60526,3AG,60526,3AG,Safe
E306,"THE CHANAKYA UNIVERSITY NO 29 HARALURU, DEVANAHALLI TALUK (NEAR BENGALURU INTERNATIONLA AIRPORT)",AM,AM,50281,GMR,50281,GMR,53847,GMR,60538,GMR,60538,GMR,Safe
E129,"St.Joseph Engineering College, Mangalore(AUTONOMOUS) MANGALORE",CS,COMPUTER SCIENCE,28020,3AG,28040,GMR,35885,3AG,60719,3AG,60719,3AG,Safe
E038,"BLDEA's VP. Dr.P.G. Hallakatti College of Engineering & Technology, Bijapur ASHRAM ROAD,BIJAPUR - 586103",AM,AM,51507,3AG,57322,3AG,58561,GMR,60769,GMR,60769,GMR,Safe
E058,"P E S College of Engineering, Mandya(AUTONOMOUS) MANDYA: 571 401",EC,EC,37233,GMR,37233,GMR,51247,GMR,61032,GMR,61032,GMR,Safe
E064,"Adhichunchanagiri Institute of Technology, Chickamagalur ADICHUNCHANAGIRI EXTENTION,JYOTHINAGAR,CHIKMAGALUR - 577102",CE,COMPUTER ENGINEERING,198009,3AR,172609,3AG,184655,GM,61072,GM,61072,GM,Safe
E034,"SDM College of Engineering, Dharwad (AUTONOMOUS) DHAVALAGIRI,KALGHATGI ROAD,DHARWAD",EE,EE,43885,3AG,42127,GMR,42467,GMR,61133,GMR,61133,GMR,Safe
E102,"DONBOSCO Institute of Technology, Bangalore(AUTONOMOUS) KUMBALAGODU, MYSORE ROAD, KENGERI HOBLI,BANGALORE-560074",IOTCS,IOTCS,47467,GMR,47467,GMR,61142,GMR,61142,GMR,61142,GMR,Safe
E062,"Bapuji Institute of Engineering & Technology, Davangere (AUTONOMOUS) BAPUJI INSTITUTE OF ENGINEERING & TECHNOLOGY,P.B. NO.325,SHAMANUR ROAD,DAVANGERE-577 004",IS,INFORMATION SCIENCE,49149,GMR,43983,GMR,58772,GMR,61575,3AG,61575,3AG,Safe
E306,"THE CHANAKYA UNIVERSITY NO 29 HARALURU, DEVANAHALLI TALUK (NEAR BENGALURU INTERNATIONLA AIRPORT)",CS,COMPUTER SCIENCE,47402,GMR,37837,GMR,51697,GMR,61997,GMR,61997,GMR,Safe
E257,"CMR University Main Campus, Off Hennur Bagalur Main Road, Chagalatti, Bangalore",EC,EC,51667,3AR,37532,3AR,62728,3AR,62728,3AR,62728,3AR,Safe
E059,"P D A College of Engineering, Gulbarga(AUTONOMOUS) AIWAN-E-SHAHI AREA,STATION ROAD,GULBARGA-585102",CS,COMPUTER SCIENCE,48927,3AG,48927,3AG,62631,3AG,62811,GMR,62811,GMR,Safe
E257,"CMR University Main Campus, Off Hennur Bagalur Main Road, Chagalatti, Bangalore",DS,DATA SCIENCES,34460,GMR,34462,GMR,49063,GMR,62873,GMR,62873,GMR,Safe
E096,"East Point College of Engineering & Technology, Bangalore(AUTONOMOUS) JNANA PRABHA, BIDARAHALLI,VIRGONAGAR POST,BANGALORE.",AM,AM,55692,3AR,47914,3AR,59430,3AR,63113,3AR,63113,3AR,Safe
E292,"Government Engineering College,Mailur,Bidar",CS,COMPUTER SCIENCE,59622,GMR,59622,GMR,63192,GMR,63192,GMR,63192,GMR,Safe
E290,"Visvesvaraya Technological University,VTU,CPGS,Mysuru.",CS,COMPUTER SCIENCE,45853,3AR,39871,3AR,51529,3AR,63284,3AR,63284,3AR,Safe
E145,"Rajarajeswari College of Engineering, Bangalore (AUTONOMOUS) #14, RAMOHOLLI CROSS,KUMBALGODU, MYSORE ROAD,BANGALORE - 560074",AM,AM,46322,3AR,46450,3AR,63607,3AR,63607,3AR,63607,3AR,Safe
E286,"BGS College of Engineering & Technology,Bangalore",CD,COMMUNICATION DESIGN,45190,GMR,43759,GMR,59121,GMR,64241,3AG,64241,3AG,Safe
E098,"Atria Institute of Technology, Anand Nagar, Hebbal PO, Bangalore (AUTONOMOUS) ASKB CAMPUS, AG'S COLONY, 1ST MAIN, ANANDNAGAR,BANGALORE",DS,DATA SCIENCES,40614,GMR,38582,GMR,49986,GMR,64594,GMR,64594,GMR,Safe
E066,"University B.D.T. college of Engineering, (H.GOV),Davangere",CS,COMPUTER SCIENCE,40546,GMR,45137,GMR,64619,3AG,64619,3AG,64619,3AG,Safe
E098,"Atria Institute of Technology, Anand Nagar, Hebbal PO, Bangalore (AUTONOMOUS) ASKB CAMPUS, AG'S COLONY, 1ST MAIN, ANANDNAGAR,BANGALORE",IS,INFORMATION SCIENCE,45347,GMR,42717,GMR,62046,GMR,64685,GMR,64685,GMR,Safe
E060,"Dr. Ambedkar Institute of Technology, Bangalore(AUTONOMOUS) OUTER RING ROAD,NEAR JNANA BHARATHI CAMPUS,MALLATHAHALLI,BANGALORE-560056",AN,AN,31550,GMR,28531,3AG,32614,GMR,65259,GMR,65259,GMR,Safe
E095,"AMC Engineering College, Bannerghatta Road, Bangalore(AUTONOMOUS) 18KM,BANNERAGHATTA ROAD,KALKERE,BANGALORE-560083,BANGALORE URBAN",CS,COMPUTER SCIENCE,45723,3AR,43798,3AR,49670,3AR,65678,3AR,65678,3AR,Safe
E007,"Dayananda Sagar College of Engineering, Bangalore(AUTONOMOUS) SHAVIGE MALLESHWARA HILLS, KUMARASWAMY LAYOUT, BANGALORE-560078",CH,CH,31305,GMR,33588,GMR,60672,GMR,65714,GMR,65714,GMR,Safe
E106,"East West Institute Of Technology,Bangalore(AUTONOMOUS) SY. NO.63, OFF MAGADI MAIN ROAD, VISHWANEEDAM POST,BANGALORE",AM,AM,55858,GMR,52304,GMR,65825,GMR,65825,GMR,65825,GMR,Safe
E091,"K S Institute of Technology, Raghuvanahalli, Bangalore(AUTONOMOUS) #14,RAGUVANAHALLI, KANAKAPURA MAIN ROAD,BANGALORE - 560 062.",EC,EC,42959,GMR,45492,GMR,54676,GMR,66034,GMR,66034,GMR,Safe
E151,"Mangalore Institute of Technology & Engineering, Moodabidri, Mangalore(AUTONOMOUS) BADAGA MIJAR,",IS,INFORMATION SCIENCE,55776,3AG,46920,GMR,62192,3AG,66227,GMR,66227,GMR,Safe
E114,"G M Institute of Technology, Davanagere POST BOX. NO. 4, P.B.ROAD.DAVANGERE.",AM,AM,53331,3AG,57088,3AG,66625,3AG,66625,3AG,66625,3AG,Safe
E007,"Dayananda Sagar College of Engineering, Bangalore(AUTONOMOUS) SHAVIGE MALLESHWARA HILLS, KUMARASWAMY LAYOUT, BANGALORE-560078",ME,ME,53787,GMR,55023,GMR,55754,GMR,66898,GMR,66898,GMR,Safe
E205,"ATME College of Engineering, Mysore SY.NO.1002, HAROHALLI (MELLAHALLI),MYSORE",AM,AM,48681,3AR,52008,3AR,66997,3AR,66997,3AR,66997,3AR,Safe
E079,"Acharya Institute of Technology, Soldevanahalli,Chikkabanavara post, Bangalore SOLDEVANAHALLI, HESARAGHATTA MAIN ROAD, CHIKKABANAVARA POST,BANGALORE URBAN",EE,EE,47043,GMR,44372,GMR,62682,GMR,67013,GMR,67013,GMR,Safe
E075,"Ballari Institute of Technology & Management, Bellary(AUTONOMOUS) ""JNANA GANGOTRI"" CAMPUS, #873/2 OF KOLAGAL VILLAGE,BELLARY-HOSPET ROAD, ALLIPUR",AM,AM,54550,3AG,55580,GMR,67300,GMR,67300,GMR,67300,GMR,Safe
E003,"B M S College of Engineering, Basavanagudi, Bangalore (AUTONOMOUS) POST BOX NO 1908, BULL TEMPLE ROAD,BANGALORE",IM,IM,37026,3AR,49910,3AR,52108,3AR,67471,GMR,67471,GMR,Safe
E108,"SAPTHAGIRI NPS UNIVERISTY #14/5, CHIKKASANDRA,HESARAGHATTA MAIN ROAD,BANGALURU",AM,AM,63113,3AR,59430,3AR,67637,3AR,67637,3AR,67637,3AR,Safe
E077,"Vidya Vikas Institute of Engineering & Technology, Mysore #127,ALANAHALLY,ALANAHALLY POST,MYSORE-BANNUR ROAD,MYSORE",CS,COMPUTER SCIENCE,31813,GMR,32631,GMR,42509,3AG,67874,GMR,67874,GMR,Safe
E092,"Vemana Institute of Technology, Bangalore #1, MAHAYOGI VEMANA ROAD, 3RD BLOCK, KORMANGALA, BANGALORE -560034.",AM,AM,47438,3AG,47438,3AG,54550,3AG,67938,GMR,67938,GMR,Safe
E258,"Maharaja Institute of Technology,Tandavapura,Mysore THANDAVAPURA VILLAGA,ON NATIONAL HIGHWWAYNANJANAGUD TALUK,MYSORE DISTRICT",AM,AM,53209,GMR,55570,GMR,68197,GMR,68197,GMR,68197,GMR,Safe
E001,"Univesity of Visvesvaraya College of Engineering (A State Autonomous Public University on IIT Model) K R Circle, Bangalore",ME,ME,54295,3AR,51048,3AR,68200,3AR,68200,3AR,68200,3AR,Safe
E007,"Dayananda Sagar College of Engineering, Bangalore(AUTONOMOUS) SHAVIGE MALLESHWARA HILLS, KUMARASWAMY LAYOUT, BANGALORE-560078",ML,ML,39741,GMR,45600,GMR,68384,3AR,68384,3AR,68384,3AR,Safe
E172,"R.R. Institute of Technology, Chikkabanavara, Bangalore(AUTONOMOUS) NO. 67, RAJA REDDY LAYOUT,NEAR CHIKKABANAVARA RAILWAY STATION,CHIKKABANAVARA,BANGALORE - 560090",AM,AM,61982,GMR,57697,GMR,63427,GMR,68500,3AG,68500,3AG,Safe
E065,"Jawaharlal Nehru New College of Engineering, Shimoga P.B. NO. 128,NAVULE, SHIMOGA",IS,INFORMATION SCIENCE,46814,GMR,45499,GMR,60646,3AG,68725,3AG,68725,3AG,Safe
E095,"AMC Engineering College, Bannerghatta Road, Bangalore(AUTONOMOUS) 18KM,BANNERAGHATTA ROAD,KALKERE,BANGALORE-560083,BANGALORE URBAN",DS,DATA SCIENCES,47641,GMR,45301,GMR,55278,GMR,68792,GMR,68792,GMR,Safe
E065,"Jawaharlal Nehru New College of Engineering, Shimoga P.B. NO. 128,NAVULE, SHIMOGA",EC,EC,50001,GMR,50520,3AG,64519,3AG,68869,GMR,68869,GMR,Safe
E037,"K.L.S. Gogte Institute of Technology, Belgaum.(AUTONOMOUS) ""JNANA GANGA"", UDYAMBAG,BELGAUM",AN,AN,40977,3AG,40977,3AG,60556,GMR,68973,GMR,68973,GMR,Safe
E155,"Government Engineering College, Hassan DAIRY CIRCLE, B M ROAD, HASSAN",EC,EC,58621,GMR,58621,GMR,68985,GMR,68985,GMR,68985,GMR,Safe
E017,"Sri Siddhartha Institute of Technology MARALUR ,TUMKUR",CS,COMPUTER SCIENCE,34189,GMR,37405,3AG,52867,GMR,69637,3AG,69637,3AG,Safe
E129,"St.Joseph Engineering College, Mangalore(AUTONOMOUS) MANGALORE",EC,EC,36059,GMR,35989,GMR,51790,GMR,69688,GMR,69688,GMR,Safe
E128,"Sharanbasava University (Formerly Appa Institute of Engineering and Tech) SHARNBASVESHWARA INSTITUTIONS CAMPUS , KALABURAGI ( GULBARGA) -585103 , KARNATAKA",AD,AD,83001,GMR,69881,GMR,69881,GMR,69881,GMR,69881,GMR,Safe
E001,"Univesity of Visvesvaraya College of Engineering (A State Autonomous Public University on IIT Model) K R Circle, Bangalore",CE,COMPUTER ENGINEERING,52440,GMR,56287,GMR,69924,GMR,69924,GMR,69924,GMR,Safe
E021,"Sri Jayachamarajendra College of Engineering(Constituent College of JSS Science & Technology University), Mysore JSS TECHNICAL INSTITUTIONS CAMPUS,MANASAGANGOTHRI PO,MYSORE",CE,COMPUTER ENGINEERING,61313,GMR,61313,GMR,69925,GMR,69925,GMR,69925,GMR,Safe
E151,"Mangalore Institute of Technology & Engineering, Moodabidri, Mangalore(AUTONOMOUS) BADAGA MIJAR,",RI,RI,64876,3AG,54059,3AG,70019,GMR,70019,GMR,70019,GMR,Safe
E257,"CMR University Main Campus, Off Hennur Bagalur Main Road, Chagalatti, Bangalore",IT,IT,35243,GMR,41259,GMR,56625,GMR,70104,GMR,70104,GMR,Safe
E237,"PRESIDENCY University ITGALPURA, RAJANUKUNTE, YELAHANKA, BENGALURU - 560 064",CY,CY,60395,GMR,50769,GMR,64895,GMR,70126,GMR,70126,GMR,Safe
E075,"Ballari Institute of Technology & Management, Bellary(AUTONOMOUS) ""JNANA GANGOTRI"" CAMPUS, #873/2 OF KOLAGAL VILLAGE,BELLARY-HOSPET ROAD, ALLIPUR",DS,DATA SCIENCES,59812,GMR,58620,GMR,70732,GMR,70732,GMR,70732,GMR,Safe
E017,"Sri Siddhartha Institute of Technology MARALUR ,TUMKUR",CY,CY,49804,3AG,51168,GMR,57513,3AG,71430,3AG,71430,3AG,Safe
E083,"H.K.B.K.College of Engineering, Bangalore # 22/1, NAGAWARA, BANGALORE-560045",AM,AM,56141,GMR,53547,GMR,66999,GMR,71535,GMR,71535,GMR,Safe
E237,"PRESIDENCY University ITGALPURA, RAJANUKUNTE, YELAHANKA, BENGALURU - 560 064",IS,INFORMATION SCIENCE,56710,GMR,48253,GMR,66056,GMR,71572,GMR,71572,GMR,Safe
E011,"M V J College of Engineering, Bangalore(AUTONOMOUS) NEAR ITPB,CHANNASANDRA,KADUGODI POST,BANGALORE",AE,AGRICULTURE ENGINEERING,33802,3AG,37195,3AG,47372,3AG,71991,3AG,71991,3AG,Safe
E096,"East Point College of Engineering & Technology, Bangalore(AUTONOMOUS) JNANA PRABHA, BIDARAHALLI,VIRGONAGAR POST,BANGALORE.",CS,COMPUTER SCIENCE,50656,3AR,44276,3AR,62201,3AR,71992,3AR,71992,3AR,Safe
E157,"Government Engineering College, Ramanagaram DODDAMANNUGUDDE, RAMANAGAR, RAMANAGAR DISTRICT - 571 511",CS,COMPUTER SCIENCE,59146,GMR,59146,GMR,68267,GMR,72067,3AG,72067,3AG,Safe
E269,"Jain College Of Engineering and Research, Belgaum SHREYAS CTS 1598 ADAJCENT TO TO FOUNDRY CLUSTER NEAR DUTCH INDUSTRIAL ESTATE CHANNAMMA NAGAR ANAGOL BELGAVI",AM,AM,72176,3AG,70238,3AG,72176,3AG,72176,3AG,72176,3AG,Safe
E004,"Dr. Ambedkar Institute of Technology, Bangalore(AUTONOMOUS) OUTER RING ROAD,NEAR JNANA BHARATHI CAMPUS,MALLATHAHALLI,BANGALORE-560056",EI,EI,52577,GMR,54706,GMR,64570,GMR,72243,GMR,72243,GMR,Safe
E209,"Jyothi Institute of Technology, Kanakapura Road,Bangalore ,BANGALORE",AM,AM,54813,GMR,48441,GMR,67329,GMR,72261,GMR,72261,GMR,Safe
E220,"ALLIANCE University Central Campus, Chikkahadage Cross Chandapura-Anekal, Main Road, Bengaluru, Karnataka 562106",BT,BIO-TECHNOLOGY,36598,GMR,36598,GMR,64506,GMR,72585,GMR,72585,GMR,Safe
E158,"Maharaja Institute of Technology Mysore,Belawadi,Srirangapatna,Mandya(AUTONOMOUS) BEHIND K R MILLS,BELAWADI VILLAGE,NAGUVANAHALLI PANCHAYAT,SRIRANGAPATNA TALUK,MANDYA DISTRICT",IOTCS,IOTCS,63223,GMR,56584,GMR,69569,GMR,72742,GMR,72742,GMR,Safe
E237,"PRESIDENCY University ITGALPURA, RAJANUKUNTE, YELAHANKA, BENGALURU - 560 064",EC,EC,59748,GMR,58266,GMR,70381,GMR,72763,GMR,72763,GMR,Safe
E041,"P D A College of Engineering, Gulbarga(AUTONOMOUS) AIWAN-E-SHAHI AREA,STATION ROAD,GULBARGA-585102",EC,EC,43807,GMR,38293,GMR,65240,GMR,72781,GMR,72781,GMR,Safe
E006,"M S Ramaiah Institute of Technology, Bangalore(AUTONOMOUS) VIDYA SOUDHA,MSR NAGAR,MSRIT POST,BANGALORE - 560054.",IM,IM,39968,3AR,44970,3AR,44970,3AR,72936,3AR,72936,3AR,Safe
E158,"Maharaja Institute of Technology Mysore,Belawadi,Srirangapatna,Mandya(AUTONOMOUS) BEHIND K R MILLS,BELAWADI VILLAGE,NAGUVANAHALLI PANCHAYAT,SRIRANGAPATNA TALUK,MANDYA DISTRICT",DS,DATA SCIENCES,52025,GMR,54097,GMR,59403,GMR,73233,GMR,73233,GMR,Safe
E106,"East West Institute Of Technology,Bangalore(AUTONOMOUS) SY. NO.63, OFF MAGADI MAIN ROAD, VISHWANEEDAM POST,BANGALORE",AD,AD,49942,GMR,45174,3AG,60699,GMR,73435,GMR,73435,GMR,Safe
E151,"Mangalore Institute of Technology & Engineering, Moodabidri, Mangalore(AUTONOMOUS) BADAGA MIJAR,",IOTCS,IOTCS,43606,3AG,45801,3AG,64876,3AG,73523,GMR,73523,GMR,Safe
E302,"AMITY UNIVERSITY National Highway 648 (old 207), Devanahalli - Doddaballapur Road",AM,AM,64948,3AR,55121,3AR,73905,3AR,73905,3AR,73905,3AR,Safe
E237,"PRESIDENCY University ITGALPURA, RAJANUKUNTE, YELAHANKA, BENGALURU - 560 064",CS,COMPUTER SCIENCE,67843,GMR,57830,GMR,74320,GMR,74320,GMR,74320,GMR,Safe
E220,"ALLIANCE University Central Campus, Chikkahadage Cross Chandapura-Anekal, Main Road, Bengaluru, Karnataka 562106",EC,EC,54819,GMR,49721,GMR,63326,GMR,74387,GMR,74387,GMR,Safe
E095,"AMC Engineering College, Bannerghatta Road, Bangalore(AUTONOMOUS) 18KM,BANNERAGHATTA ROAD,KALKERE,BANGALORE-560083,BANGALORE URBAN",EC,EC,53282,GMR,52829,GMR,65864,GMR,74520,3AG,74520,3AG,Safe
E056,"The National Institute of Engineering(SOUTH CAMPUS), Mysore(AUTONOMOUS) MANANDAVADI ROAD,MYSORE 570008",ME,ME,62615,GMR,65006,GMR,74600,GMR,74600,GMR,74600,GMR,Safe
E258,"Maharaja Institute of Technology,Tandavapura,Mysore THANDAVAPURA VILLAGA,ON NATIONAL HIGHWWAYNANJANAGUD TALUK,MYSORE DISTRICT",AD,AD,61845,GMR,59562,GMR,60813,GMR,74710,GMR,74710,GMR,Safe
E106,"East West Institute Of Technology,Bangalore(AUTONOMOUS) SY. NO.63, OFF MAGADI MAIN ROAD, VISHWANEEDAM POST,BANGALORE",CS,COMPUTER SCIENCE,52576,3AR,49279,3AR,67638,3AR,74711,3AR,74711,3AR,Safe
E232,"REVA University RUKMINI KNOWLEDGE PARK, KATTIGENAHALLI, YELAHANKA,BANGALORE - 560064,",MC,MC,58336,GMR,71686,GMR,71686,GMR,74972,3AG,74972,3AG,Safe
E061,"University B.D.T College of Engineering, Davanagere P J EXTENSION,HADADI ROAD,DAVENGERE",EC,EC,39477,3AG,39477,3AG,61118,3AG,75096,3AG,75096,3AG,Safe
E057,"JSS Science and Technology University JSS TECHNICAL INSTITUTIONS CAMPUS, MANASAGANGOTHRI, MYSURU 570006",ME,ME,72617,GMR,58136,GMR,75466,GMR,75466,GMR,75466,GMR,Safe
E237,"PRESIDENCY University ITGALPURA, RAJANUKUNTE, YELAHANKA, BENGALURU - 560 064",CD2,CD2,55515,GMR,52464,GMR,58959,GMR,75490,GMR,75490,GMR,Safe
E102,"DONBOSCO Institute of Technology, Bangalore(AUTONOMOUS) KUMBALAGODU, MYSORE ROAD, KENGERI HOBLI,BANGALORE-560074",IS,INFORMATION SCIENCE,50624,3AR,45590,3AR,65868,3AR,75552,3AR,75552,3AR,Safe
E133,"G S S S Institute of Engineering & Technology for Women, Mysore K.R.S. ROAD, METAGALLI INDUSTRIAL AREA, MYSORE-16",EE,EE,43104,3AG,40839,GMR,75661,3AR,75661,3AR,75661,3AR,Safe
E289,"Visvesvaraya Technological University,VTU,CPGS,Kalburgi.",CS,COMPUTER SCIENCE,60073,GMR,64342,3AG,75908,3AG,75908,3AG,75908,3AG,Safe
E265,"Jain College of Engineering and Technology,Hubballi 404/4, 404/5, SAI NAGAR, UNKAL, HUBLI",CS,COMPUTER SCIENCE,63759,3AG,61658,3AG,65733,3AG,76186,GMR,76186,GMR,Safe
E078,"The Oxford College of Engineering, Bangalore HOSUR ROAD,BOMMANAHALLI,BANGALORE",EC,EC,42785,GMR,39963,GMR,55437,3AG,76448,GMR,76448,GMR,Safe
E096,"East Point College of Engineering & Technology, Bangalore(AUTONOMOUS) JNANA PRABHA, BIDARAHALLI,VIRGONAGAR POST,BANGALORE.",DS,DATA SCIENCES,53396,GMR,48425,GMR,61383,GMR,76457,GMR,76457,GMR,Safe
E158,"Maharaja Institute of Technology Mysore,Belawadi,Srirangapatna,Mandya(AUTONOMOUS) BEHIND K R MILLS,BELAWADI VILLAGE,NAGUVANAHALLI PANCHAYAT,SRIRANGAPATNA TALUK,MANDYA DISTRICT",IS,INFORMATION SCIENCE,54097,GMR,54062,GMR,66904,GMR,76946,GMR,76946,GMR,Safe
E222,"Cambridge Institute Of Technology, North Campus, Devanahalli, Bangalore SURVEY NO. 73, LINGADHEERA GOLLAHALLI, KUNDANA POST, DEVANAHALLI TALUK",AM,AM,55512,GMR,51517,GMR,63853,3AG,77111,3AG,77111,3AG,Safe
E123,"Canara Engineering College Bantwal, BENJANAPADAVU,BANTWAL,PIN 574219,DAKSHINA KANNADA DIST,",CS,COMPUTER SCIENCE,53603,3AG,53603,3AG,73973,3AG,77287,GMR,77287,GMR,Safe
E101,"Channabasaveshwara Institute of Technology, Gubbi Herur, Tumkur NH 206 (BH ROAD), GUBBI, TUMKUR. KARNATAKA",CS,COMPUTER SCIENCE,54949,GMR,55328,GMR,73287,GMR,77734,GMR,77734,GMR,Safe
E255,"GANDHI INSTITUTE OF TECHNOLOGY AND MANAGEMENT GITAM OFF CAMPUS BENGALURU NH 207, Nagadenehalli Doddaballapur taluk. Bengaluru-561203",RI,RI,60819,GM,41673,GM,76488,GM,77797,GM,77797,GM,Safe
E098,"Atria Institute of Technology, Anand Nagar, Hebbal PO, Bangalore (AUTONOMOUS) ASKB CAMPUS, AG'S COLONY, 1ST MAIN, ANANDNAGAR,BANGALORE",EC,EC,52859,GMR,51151,GMR,67222,GMR,77804,GMR,77804,GMR,Safe
E145,"Rajarajeswari College of Engineering, Bangalore (AUTONOMOUS) #14, RAMOHOLLI CROSS,KUMBALGODU, MYSORE ROAD,BANGALORE - 560074",IOTCS,IOTCS,76684,3AR,72783,3AR,78223,3AR,78223,3AR,78223,3AR,Safe
E145,"Rajarajeswari College of Engineering, Bangalore (AUTONOMOUS) #14, RAMOHOLLI CROSS,KUMBALGODU, MYSORE ROAD,BANGALORE - 560074",EC,EC,57894,GMR,57569,GMR,71231,GMR,78386,3AG,78386,3AG,Safe
E108,"SAPTHAGIRI NPS UNIVERISTY #14/5, CHIKKASANDRA,HESARAGHATTA MAIN ROAD,BANGALURU",EC,EC,56872,GMR,54530,GMR,75867,GMR,78925,GMR,78925,GMR,Safe
E047,"Malnad College of Engineering, Hassan(AUTONOMOUS) P.B. NO. 21, SALAGAME ROAD,HASSSAN",RI,RI,45536,3AR,51851,3AR,79530,3AR,79530,3AR,79530,3AR,Safe
E258,"Maharaja Institute of Technology,Tandavapura,Mysore THANDAVAPURA VILLAGA,ON NATIONAL HIGHWWAYNANJANAGUD TALUK,MYSORE DISTRICT",CS,COMPUTER SCIENCE,49559,GMR,49559,GMR,60238,3AG,79971,GMR,79971,GMR,Safe
E240,"Dayananda Sagar University DEVARAKAGGALAHALLI VILLAGE, HAROHALLI, KANAKAPURA MAIN ROAD, RAMANAGAR DIST",BM,BM,55114,GMR,57705,GMR,62618,GMR,80088,3AG,80088,3AG,Safe
E096,"East Point College of Engineering & Technology, Bangalore(AUTONOMOUS) JNANA PRABHA, BIDARAHALLI,VIRGONAGAR POST,BANGALORE.",IOTCS,IOTCS,56912,3AG,51400,3AG,76072,GMR,80571,3AG,80571,3AG,Safe
E237,"PRESIDENCY University ITGALPURA, RAJANUKUNTE, YELAHANKA, BENGALURU - 560 064",DS,DATA SCIENCES,68767,3AR,60538,3AR,75490,3AR,81441,3AR,81441,3AR,Safe
E128,"Sharanbasava University (Formerly Appa Institute of Engineering and Tech) SHARNBASVESHWARA INSTITUTIONS CAMPUS , KALABURAGI ( GULBARGA) -585103 , KARNATAKA",CS,COMPUTER SCIENCE,79576,3AG,65687,3AG,81612,GMR,81612,GMR,81612,GMR,Safe
E108,"SAPTHAGIRI NPS UNIVERISTY #14/5, CHIKKASANDRA,HESARAGHATTA MAIN ROAD,BANGALURU",DS,DATA SCIENCES,74834,3AR,68708,3AR,81981,3AR,81981,3AR,81981,3AR,Safe
E255,"GANDHI INSTITUTE OF TECHNOLOGY AND MANAGEMENT GITAM OFF CAMPUS BENGALURU NH 207, Nagadenehalli Doddaballapur taluk. Bengaluru-561203",CS,COMPUTER SCIENCE,73848,3AR,67896,3AR,82388,3AR,82388,3AR,82388,3AR,Safe
E082,"J S S Academy of Technical Education, Bangalore JSSATE CAMPUS,UTTARAHALLI-KENGERI ROAD ,BANGALORE 560060",EI,EI,55517,3AR,55621,3AR,82940,3AR,82940,GMR,82940,GMR,Safe
E012,"Sir M.Visvesvaraya Institute of Technology, Bangalore KRISHNADEVARAYANAGAR, HUNASAMARANAHALLI, VIA YELAHANKA,BANGALORE - 562 157",BT,BIO-TECHNOLOGY,44003,GMR,44003,GMR,44003,GMR,82968,GMR,82968,GMR,Safe
E111,"Sri Venkateshwara College of Engineering, Bangalore VIDYANAGAR, BENGALURU INTERNATIONAL AIRPORT ROAD,BETTAHALASUR POST,BENGALURU NORTH,BENGALURU - 562 157",CY,CY,73665,GMR,72386,GMR,76805,GMR,83249,3AG,83249,3AG,Safe
E211,"Jain Institute of Technology, Davanagere 323, BADA CROSS NEAR BLIND SCHOOL AVARAGERE DAVANGERE",AM,AM,67498,3AG,67498,3AG,83264,GMR,83264,GMR,83264,GMR,Safe
E255,"GANDHI INSTITUTE OF TECHNOLOGY AND MANAGEMENT GITAM OFF CAMPUS BENGALURU NH 207, Nagadenehalli Doddaballapur taluk. Bengaluru-561203",AM,AM,67896,GMR,67429,GMR,81145,GMR,83398,GMR,83398,GMR,Safe
E198,"Sharanbasava University (Exclusively for Women) (Formerly Goduati Engineering College For Women) SHARNBASVESHWARA INSTITUTIONS CAMPUS , KALABURAGI ( GULBARGA) -585103 , KARNATAKA",AM,AM,112184,3AG,112184,3AG,64842,GM,83524,GM,83524,GM,Safe
E145,"Rajarajeswari College of Engineering, Bangalore (AUTONOMOUS) #14, RAMOHOLLI CROSS,KUMBALGODU, MYSORE ROAD,BANGALORE - 560074",IS,INFORMATION SCIENCE,54152,GMR,48820,GMR,72022,GMR,83805,GMR,83805,GMR,Safe
E062,"Bapuji Institute of Engineering & Technology, Davangere (AUTONOMOUS) BAPUJI INSTITUTE OF ENGINEERING & TECHNOLOGY,P.B. NO.325,SHAMANUR ROAD,DAVANGERE-577 004",CD,COMMUNICATION DESIGN,63775,GMR,64252,3AG,84376,GMR,84376,GMR,84376,GMR,Safe
E273,"Government Engineering College, Viprasinagar, Gangavathi VIPRASAI NAGAR,GANGAVATHI,KOPPAL",CS,COMPUTER SCIENCE,75469,GMR,86628,GMR,92151,GMR,84444,GM,84444,GM,Safe
E108,"SAPTHAGIRI NPS UNIVERISTY #14/5, CHIKKASANDRA,HESARAGHATTA MAIN ROAD,BANGALURU",CS,COMPUTER SCIENCE,72430,3AR,67663,3AR,81143,3AR,84464,3AR,84464,3AR,Safe
E274,"Government Engineering College, Mosale Hosahalli, Hassan MOSALEHOSAHALLI, HASSAN",CS,COMPUTER SCIENCE,64230,GMR,62975,GMR,82534,3AG,84842,3AG,84842,3AG,Safe
E142,"Adhichunchanagiri University (Formerly B G S Institute of Technology) B.G.NAGARA ,NAGAMANGALA TALUK,MANDYA DISTRICT -571448",AM,AM,58713,GMR,53767,GMR,61651,3AG,84924,GMR,84924,GMR,Safe
E104,"Nagarjuna College of Engineering & Technology,venkatagiri Kote, Devanahalli, Bangalore Rural.(AUTONOMOUS) MUDUGURKIVENKATAGIRI KOTE DEVANAHALLI,BANGALORE",CS,COMPUTER SCIENCE,67004,3AR,63929,3AR,85117,3AR,85117,3AR,85117,3AR,Safe
E017,"Sri Siddhartha Institute of Technology MARALUR ,TUMKUR",DS,DATA SCIENCES,45048,3AG,50840,GMR,51168,GMR,85149,3AG,85149,3AG,Safe
E102,"DONBOSCO Institute of Technology, Bangalore(AUTONOMOUS) KUMBALAGODU, MYSORE ROAD, KENGERI HOBLI,BANGALORE-560074",EC,EC,57212,GMR,49210,GMR,69088,GMR,85186,GMR,85186,GMR,Safe
E306,"THE CHANAKYA UNIVERSITY NO 29 HARALURU, DEVANAHALLI TALUK (NEAR BENGALURU INTERNATIONLA AIRPORT)",BT,BIO-TECHNOLOGY,51666,GMR,53594,GMR,82586,3AG,85193,3AG,85193,3AG,Safe
E129,"St.Joseph Engineering College, Mangalore(AUTONOMOUS) MANGALORE",AM,AM,28850,3AR,28850,3AR,45660,3AR,85207,3AR,85207,3AR,Safe
E123,"Canara Engineering College Bantwal, BENJANAPADAVU,BANTWAL,PIN 574219,DAKSHINA KANNADA DIST,",AM,AM,55550,GMR,54523,3AG,85497,3AR,85497,3AG,85497,3AG,Safe
E220,"ALLIANCE University Central Campus, Chikkahadage Cross Chandapura-Anekal, Main Road, Bengaluru, Karnataka 562106",DS,DATA SCIENCES,76034,GMR,74874,GMR,85590,GMR,85590,GMR,85590,GMR,Safe
E150,"P E S Institute of Technology & Management, Shimoga GUDDADAARAKERE, KOTEGANGOORSAGAR ROAD,SHIMOGA",AM,AM,59363,3AR,59363,3AR,85798,3AR,85798,3AR,85798,3AR,Safe
E111,"Sri Venkateshwara College of Engineering, Bangalore VIDYANAGAR, BENGALURU INTERNATIONAL AIRPORT ROAD,BETTAHALASUR POST,BENGALURU NORTH,BENGALURU - 562 157",DS,DATA SCIENCES,64764,GMR,64764,GMR,75672,GMR,85908,GMR,85908,GMR,Safe
E044,"Bheemanna Khandre Institute of Technology, Bhalki BHALKI-HUMNABAD ROAD,BHALKI- 585328,DIST. BIDAR",AM,AM,49080,GMR,54033,GMR,86091,GMR,86091,GMR,86091,GMR,Safe
E272,"Government Engineering College, Talakal, Koppal TALAKAL,TALUKA: YALABURGA, DIST: KOPPAL, KARNATAKA, PIN 583238",CS,COMPUTER SCIENCE,65733,3AG,86146,3AG,86146,3AG,86146,3AG,86146,3AG,Safe
E173,"Sai Vidya Institute of Technology, Rajanakunte, Bangalore RAJANUKUNTE,DODDBALLAPURA ROAD ,VIA: YELAHANKA,BANGALORE",CS,COMPUTER SCIENCE,48121,GMR,45867,GMR,57073,3AG,86257,GMR,86257,GMR,Safe
E075,"Ballari Institute of Technology & Management, Bellary(AUTONOMOUS) ""JNANA GANGOTRI"" CAMPUS, #873/2 OF KOLAGAL VILLAGE,BELLARY-HOSPET ROAD, ALLIPUR",EC,EC,76360,3AG,67791,3AG,86495,3AG,86495,3AG,86495,3AG,Safe
E058,"P E S College of Engineering, Mandya(AUTONOMOUS) MANDYA: 571 401",CBS,CBS,48425,GMR,48281,GMR,76847,GMR,86573,GMR,86573,GMR,Safe
E158,"Maharaja Institute of Technology Mysore,Belawadi,Srirangapatna,Mandya(AUTONOMOUS) BEHIND K R MILLS,BELAWADI VILLAGE,NAGUVANAHALLI PANCHAYAT,SRIRANGAPATNA TALUK,MANDYA DISTRICT",EC,EC,55051,3AR,53650,3AR,71839,3AR,86597,3AR,86597,3AR,Safe
E203,"K S School of Engineering & Management, Mallasandra, Bangalore #15/1, MALLASANDRA, OFF KANAKAPURA ROAD, BANGALORE - 560062",AD,AD,84179,3AR,73930,3AR,86998,3AR,86998,3AR,86998,3AR,Safe
E092,"Vemana Institute of Technology, Bangalore #1, MAHAYOGI VEMANA ROAD, 3RD BLOCK, KORMANGALA, BANGALORE -560034.",CS,COMPUTER SCIENCE,54796,3AR,53325,3AR,70126,3AR,87089,3AR,87089,3AR,Safe
E126,"B M S Institute of Technology & Management, Yelahanka, Bangalore(AUTONOMOUS) POST BOX NO.6443, AVALAHALLI,DODDABALLAPURA MAIN ROAD,YELAHANKA, BANGALORE - 560064.",ME,ME,57208,GMR,60130,GMR,66090,GMR,87291,3AG,87291,3AG,Safe
E016,"Siddaganga Institute of Technology,Tumkur",IM,IM,48175,GMR,48175,GMR,75120,3AG,87293,GMR,87293,GMR,Safe
E092,"Vemana Institute of Technology, Bangalore #1, MAHAYOGI VEMANA ROAD, 3RD BLOCK, KORMANGALA, BANGALORE -560034.",CY,CY,72928,GMR,62234,GMR,84421,GMR,88465,GMR,88465,GMR,Safe
E283,"University of Mysuru B.N.BAHADUR INSTITUTE OF MANAGEMENT SCIENCES, (DOS IN BUSSINESS ADMINISTRATION)UNIVERSITY OF MYSORE, MANASAGANGOTRI,HUNSUR ROAD,MYSORE.",AM,AM,60715,GMR,61807,GMR,76852,3AG,88971,GMR,88971,GMR,Safe
E209,"Jyothi Institute of Technology, Kanakapura Road,Bangalore ,BANGALORE",CS,COMPUTER SCIENCE,56202,GMR,52072,GMR,68222,GMR,89742,GMR,89742,GMR,Safe
E017,"Sri Siddhartha Institute of Technology MARALUR ,TUMKUR",IS,INFORMATION SCIENCE,49917,GMR,49670,GMR,66103,3AG,89832,3AG,89832,3AG,Safe
E220,"ALLIANCE University Central Campus, Chikkahadage Cross Chandapura-Anekal, Main Road, Bengaluru, Karnataka 562106",CS,COMPUTER SCIENCE,53574,3AR,48580,3AR,62873,GMR,89890,GMR,89890,GMR,Safe
E044,"Bheemanna Khandre Institute of Technology, Bhalki BHALKI-HUMNABAD ROAD,BHALKI- 585328,DIST. BIDAR",CS,COMPUTER SCIENCE,81741,GMR,80815,GMR,89130,GMR,89899,GMR,89899,GMR,Safe
E040,"Hira Sugar Institute of Technology, Nidasoshi NIDAOSHI,TALUKA: HUKERI,DISTRICT: BELGAUM",CS,COMPUTER SCIENCE,85395,3AG,86457,3AG,88612,GMR,90118,GMR,90118,GMR,Safe
E059,"P D A College of Engineering, Gulbarga(AUTONOMOUS) AIWAN-E-SHAHI AREA,STATION ROAD,GULBARGA-585102",CD,COMMUNICATION DESIGN,55094,GM,54450,GM,74877,GM,90162,GM,90162,GM,Safe
E016,"Siddaganga Institute of Technology,Tumkur",ME,ME,54088,GMR,53060,3AG,87525,GMR,90356,GMR,90356,GMR,Safe
E175,"S.S.E.T.S.S.G.Balekundri Institute of Technology, Shivabasavanagar, Belgaum SHIVABASAVA NAGAR, BELGAUM - 590010",CS,COMPUTER SCIENCE,66928,3AG,74346,3AG,92648,3AG,91117,3AG,91117,3AG,Safe
E114,"G M Institute of Technology, Davanagere POST BOX. NO. 4, P.B.ROAD.DAVANGERE.",EC,EC,61723,3AG,53191,3AG,73731,3AG,91167,3AG,91167,3AG,Safe
E173,"Sai Vidya Institute of Technology, Rajanakunte, Bangalore RAJANUKUNTE,DODDBALLAPURA ROAD ,VIA: YELAHANKA,BANGALORE",AM,AM,66454,3AR,59812,3AR,79270,3AR,91182,3AR,91182,3AR,Safe
E186,"ACS College of Engineering, Mysore Road, Bangalore 207,KAMBIPURA, MYSORE ROAD, KENGERI HOBLI,BANGALORE - 560074.",AM,AM,72346,GMR,58347,GMR,69597,GMR,91199,GMR,91199,GMR,Safe
E255,"GANDHI INSTITUTE OF TECHNOLOGY AND MANAGEMENT GITAM OFF CAMPUS BENGALURU NH 207, Nagadenehalli Doddaballapur taluk. Bengaluru-561203",DS,DATA SCIENCES,76644,GMR,69897,GMR,90553,GMR,91525,GMR,91525,GMR,Safe
E150,"P E S Institute of Technology & Management, Shimoga GUDDADAARAKERE, KOTEGANGOORSAGAR ROAD,SHIMOGA",CS,COMPUTER SCIENCE,48968,GMR,53713,3AG,70158,GMR,91662,3AG,91662,3AG,Safe
E046,"H K E's Society's Sir M Visvesvaraya College of Engineering, Raichur YERAMARUS CAMP,RAICHUR-584 135,",CE,COMPUTER ENGINEERING,176548,GM,240977,3AG,91736,GM,-,-,91736,GM,Safe
E147,"T.John Institute of technology, Bangalore #86/1, KAMMANAHALLI,GOTTIGERE,BANNERUGATTA ROAD,BANGALORE",AM,AM,64874,GMR,63113,GMR,74568,3AG,91937,3AG,91937,3AG,Safe
E161,"Government Engineering College, Kushalanagar MEDIKERI ROAD,MADAPATNA,KUSHALANAGAR",CS,COMPUTER SCIENCE,71958,GMR,75330,GMR,87564,GMR,92049,GMR,92049,GMR,Safe
E173,"Sai Vidya Institute of Technology, Rajanakunte, Bangalore RAJANUKUNTE,DODDBALLAPURA ROAD ,VIA: YELAHANKA,BANGALORE",DS,DATA SCIENCES,69350,GMR,66009,GMR,91371,GMR,92505,GMR,92505,GMR,Safe
E083,"H.K.B.K.College of Engineering, Bangalore # 22/1, NAGAWARA, BANGALORE-560045",CS,COMPUTER SCIENCE,62728,3AR,64483,3AR,82805,3AR,92523,3AR,92523,3AR,Safe
E255,"GANDHI INSTITUTE OF TECHNOLOGY AND MANAGEMENT GITAM OFF CAMPUS BENGALURU NH 207, Nagadenehalli Doddaballapur taluk. Bengaluru-561203",CY,CY,62844,GMR,62844,GMR,92699,GMR,92699,GMR,92699,GMR,Safe
E306,"THE CHANAKYA UNIVERSITY NO 29 HARALURU, DEVANAHALLI TALUK (NEAR BENGALURU INTERNATIONLA AIRPORT)",EE,EE,58191,GMR,67286,GMR,100485,GMR,92723,GMR,92723,GMR,Safe
E043,"Gurunanak Dev Engineering College, Bidar MAILOOR ROAD,BIDAR 585403",CS,COMPUTER SCIENCE,61037,GMR,52438,GMR,232405,3AG,93209,GMR,93209,GMR,Safe
E059,"P D A College of Engineering, Gulbarga(AUTONOMOUS) AIWAN-E-SHAHI AREA,STATION ROAD,GULBARGA-585102",AM,AM,41609,GMR,41567,GMR,66676,GMR,93387,3AG,93387,3AG,Safe
E302,"AMITY UNIVERSITY National Highway 648 (old 207), Devanahalli - Doddaballapur Road",CC,CC,-,-,66425,GMR,93593,GMR,93593,GMR,93593,GMR,Safe
E111,"Sri Venkateshwara College of Engineering, Bangalore VIDYANAGAR, BENGALURU INTERNATIONAL AIRPORT ROAD,BETTAHALASUR POST,BENGALURU NORTH,BENGALURU - 562 157",IS,INFORMATION SCIENCE,76805,GMR,69135,GMR,92091,GMR,93617,GMR,93617,GMR,Safe
E012,"Sir M.Visvesvaraya Institute of Technology, Bangalore KRISHNADEVARAYANAGAR, HUNASAMARANAHALLI, VIA YELAHANKA,BANGALORE - 562 157",EE,EE,40275,GMR,40540,GMR,53887,GMR,93629,GMR,93629,GMR,Safe
E106,"East West Institute Of Technology,Bangalore(AUTONOMOUS) SY. NO.63, OFF MAGADI MAIN ROAD, VISHWANEEDAM POST,BANGALORE",IOTCS,IOTCS,64864,GMR,60810,3AG,83780,GMR,93651,GMR,93651,GMR,Safe
E096,"East Point College of Engineering & Technology, Bangalore(AUTONOMOUS) JNANA PRABHA, BIDARAHALLI,VIRGONAGAR POST,BANGALORE.",IS,INFORMATION SCIENCE,59044,GMR,52577,GMR,72633,3AG,93748,GMR,93748,GMR,Safe
E095,"AMC Engineering College, Bannerghatta Road, Bangalore(AUTONOMOUS) 18KM,BANNERAGHATTA ROAD,KALKERE,BANGALORE-560083,BANGALORE URBAN",EE,EE,55937,GMR,55937,GMR,94447,GMR,94447,GMR,94447,GMR,Safe
E104,"Nagarjuna College of Engineering & Technology,venkatagiri Kote, Devanahalli, Bangalore Rural.(AUTONOMOUS) MUDUGURKIVENKATAGIRI KOTE DEVANAHALLI,BANGALORE",AM,AM,66638,GMR,64777,GMR,82479,GMR,94510,GMR,94510,GMR,Safe
E302,"AMITY UNIVERSITY National Highway 648 (old 207), Devanahalli - Doddaballapur Road",CS,COMPUTER SCIENCE,74712,3AR,68438,3AR,87022,3AR,94802,3AR,94802,3AR,Safe
E022,"The National Institute of Engineering(SOUTH CAMPUS), Mysore(AUTONOMOUS) MANANDAVADI ROAD,MYSORE 570008",CE,COMPUTER ENGINEERING,71676,GMR,75980,GMR,85335,GMR,94852,GMR,94852,GMR,Safe
E303,"GM University KARUR VILLAGE, KASABA HOBLI, DAVANGERE TALUK AND DISTRICT",AM,AM,77870,GMR,75142,GMR,91245,GMR,95477,GMR,95477,GMR,Safe
E257,"CMR University Main Campus, Off Hennur Bagalur Main Road, Chagalatti, Bangalore",CS,COMPUTER SCIENCE,37419,GMR,39578,GMR,55153,GMR,95529,GMR,95529,GMR,Safe
E023,"P E S College of Engineering, Mandya(AUTONOMOUS) MANDYA: 571 401",EE,EE,49967,GMR,54005,GMR,73661,GMR,95658,3AG,95658,3AG,Safe
E092,"Vemana Institute of Technology, Bangalore #1, MAHAYOGI VEMANA ROAD, 3RD BLOCK, KORMANGALA, BANGALORE -560034.",DS,DATA SCIENCES,59340,GMR,59294,GMR,82682,GMR,95661,GMR,95661,GMR,Safe
E064,"Adhichunchanagiri Institute of Technology, Chickamagalur ADICHUNCHANAGIRI EXTENTION,JYOTHINAGAR,CHIKMAGALUR - 577102",AM,AM,54431,GMR,53659,GMR,71153,GMR,95699,3AG,95699,3AG,Safe
E283,"University of Mysuru B.N.BAHADUR INSTITUTE OF MANAGEMENT SCIENCES, (DOS IN BUSSINESS ADMINISTRATION)UNIVERSITY OF MYSORE, MANASAGANGOTRI,HUNSUR ROAD,MYSORE.",CS,COMPUTER SCIENCE,57254,GMR,54203,GMR,75412,3AG,95732,GMR,95732,GMR,Safe
E062,"Bapuji Institute of Engineering & Technology, Davangere (AUTONOMOUS) BAPUJI INSTITUTE OF ENGINEERING & TECHNOLOGY,P.B. NO.325,SHAMANUR ROAD,DAVANGERE-577 004",CBS,CBS,64252,3AG,67533,3AG,86571,3AG,95765,3AG,95765,3AG,Safe
E011,"M V J College of Engineering, Bangalore(AUTONOMOUS) NEAR ITPB,CHANNASANDRA,KADUGODI POST,BANGALORE",EE,EE,39972,GMR,50074,GMR,68993,GMR,95807,GMR,95807,GMR,Safe
E106,"East West Institute Of Technology,Bangalore(AUTONOMOUS) SY. NO.63, OFF MAGADI MAIN ROAD, VISHWANEEDAM POST,BANGALORE",IS,INFORMATION SCIENCE,60270,GMR,55977,GMR,84374,GMR,96114,GMR,96114,GMR,Safe
E100,"K N S Institute of Technology, Bangalore THIRUMENAHALLI, HEGGADENAGAR-KOGILU ROAD, YELAHANKA, BANGALORE-560064",AM,AM,62834,3AR,60620,3AR,77739,3AR,96115,GMR,96115,GMR,Safe
E290,"Visvesvaraya Technological University,VTU,CPGS,Mysuru.",EC,EC,71861,GMR,76023,GMR,84274,GMR,96263,3AG,96263,3AG,Safe
E205,"ATME College of Engineering, Mysore SY.NO.1002, HAROHALLI (MELLAHALLI),MYSORE",DS,DATA SCIENCES,69288,GMR,60813,GMR,90440,3AR,96323,GMR,96323,GMR,Safe
E209,"Jyothi Institute of Technology, Kanakapura Road,Bangalore ,BANGALORE",IS,INFORMATION SCIENCE,62993,GMR,58837,GMR,82015,GMR,96585,GMR,96585,GMR,Safe
E064,"Adhichunchanagiri Institute of Technology, Chickamagalur ADICHUNCHANAGIRI EXTENTION,JYOTHINAGAR,CHIKMAGALUR - 577102",IS,INFORMATION SCIENCE,57385,3AG,57385,3AG,96658,3AG,96658,3AG,96658,3AG,Safe
E004,"Dr. Ambedkar Institute of Technology, Bangalore(AUTONOMOUS) OUTER RING ROAD,NEAR JNANA BHARATHI CAMPUS,MALLATHAHALLI,BANGALORE-560056",IM,IM,63911,GMR,73913,3AG,89552,3AG,96673,GMR,96673,GMR,Safe
E038,"BLDEA's VP. Dr.P.G. Hallakatti College of Engineering & Technology, Bijapur ASHRAM ROAD,BIJAPUR - 586103",DS,DATA SCIENCES,73202,3AR,73202,3AR,96935,3AR,96935,3AR,96935,3AR,Safe
E302,"AMITY UNIVERSITY National Highway 648 (old 207), Devanahalli - Doddaballapur Road",EC,EC,61450,GMR,61450,GMR,69356,3AG,96987,GMR,96987,GMR,Safe
E302,"AMITY UNIVERSITY National Highway 648 (old 207), Devanahalli - Doddaballapur Road",DS,DATA SCIENCES,67629,GMR,62628,GMR,90378,GMR,97341,GMR,97341,GMR,Safe
E024,"Malnad College of Engineering, Hassan(AUTONOMOUS) P.B. NO. 21, SALAGAME ROAD,HASSSAN",EE,EE,56264,GMR,65696,GMR,94880,3AR,97515,3AR,97515,3AR,Safe
E220,"ALLIANCE University Central Campus, Chikkahadage Cross Chandapura-Anekal, Main Road, Bengaluru, Karnataka 562106",SPD,SPD,88797,GMR,67452,GMR,89890,GMR,97628,GMR,97628,GMR,Safe
E062,"Bapuji Institute of Engineering & Technology, Davangere (AUTONOMOUS) BAPUJI INSTITUTE OF ENGINEERING & TECHNOLOGY,P.B. NO.325,SHAMANUR ROAD,DAVANGERE-577 004",BT,BIO-TECHNOLOGY,61430,GMR,61430,GMR,102427,GMR,97768,GMR,97768,GMR,Safe
E038,"BLDEA's VP. Dr.P.G. Hallakatti College of Engineering & Technology, Bijapur ASHRAM ROAD,BIJAPUR - 586103",IS,INFORMATION SCIENCE,58561,GMR,57257,GMR,96059,GMR,97993,GMR,97993,GMR,Safe
E108,"SAPTHAGIRI NPS UNIVERISTY #14/5, CHIKKASANDRA,HESARAGHATTA MAIN ROAD,BANGALURU",EE,EE,71739,GMR,71739,GMR,91665,GMR,98001,3AG,98001,3AG,Safe
E237,"PRESIDENCY University ITGALPURA, RAJANUKUNTE, YELAHANKA, BENGALURU - 560 064",VL,VL,68848,GMR,66964,GMR,98468,GMR,98468,GMR,98468,GMR,Safe
E239,"East West College Of Engineering, Yelahanka,Bangalore NO.13 SECTOR ""A"", YELAHANKA NEW TOWN,YELAHANKA, BANGALORE-560064",CS,COMPUTER SCIENCE,56792,GMR,55212,GMR,74385,GMR,98563,GMR,98563,GMR,Safe
E058,"P E S College of Engineering, Mandya(AUTONOMOUS) MANDYA: 571 401",RI,RI,42189,GMR,46012,GMR,60218,GMR,98638,GMR,98638,GMR,Safe
E135,"K L S Viswanathrao Deshpande Institute of Technology, Haliyal UDYOG VIDYA NAGAR,DANDELI ROAD, HALIYAL-581329",CS,COMPUTER SCIENCE,73272,3AG,73272,3AG,87225,3AG,98917,GMR,98917,GMR,Safe
E014,"S J C Institute of Technology, Chickkaballapur(AUTONOMOUS) P B NO. 20, B B ROAD, CHICKBALLAPUR, CHICKBALLAPUR (DISTRICT)",AE,AGRICULTURE ENGINEERING,25759,GMR,39983,GMR,99076,GMR,99076,GMR,99076,GMR,Safe
E111,"Sri Venkateshwara College of Engineering, Bangalore VIDYANAGAR, BENGALURU INTERNATIONAL AIRPORT ROAD,BETTAHALASUR POST,BENGALURU NORTH,BENGALURU - 562 157",CS,COMPUTER SCIENCE,70170,3AR,63953,3AR,82131,3AR,99104,3AR,99104,3AR,Safe
E059,"P D A College of Engineering, Gulbarga(AUTONOMOUS) AIWAN-E-SHAHI AREA,STATION ROAD,GULBARGA-585102",IS,INFORMATION SCIENCE,66676,GMR,66676,GMR,96299,GMR,99164,GMR,99164,GMR,Safe
E151,"Mangalore Institute of Technology & Engineering, Moodabidri, Mangalore(AUTONOMOUS) BADAGA MIJAR,",CS,COMPUTER SCIENCE,43527,3AR,39855,3AR,52260,3AR,99306,3AR,99306,3AR,Safe
E086,"Sri Sairam College Of Engineering, Anekal, Bangalore SAI LEO NAGAR",CS,COMPUTER SCIENCE,62737,3AG,67798,GMR,83896,GMR,99373,3AG,99373,3AG,Safe
E222,"Cambridge Institute Of Technology, North Campus, Devanahalli, Bangalore SURVEY NO. 73, LINGADHEERA GOLLAHALLI, KUNDANA POST, DEVANAHALLI TALUK",CS,COMPUTER SCIENCE,45491,GMR,45491,GMR,64164,GMR,99474,GMR,99474,GMR,Safe
E014,"S J C Institute of Technology, Chickkaballapur(AUTONOMOUS) P B NO. 20, B B ROAD, CHICKBALLAPUR, CHICKBALLAPUR (DISTRICT)",AD,AD,42859,3AR,47086,3AR,56132,3AR,100142,3AR,100142,3AR,Safe
E169,"Alva's Institute of Engineering & Technology, Moodabidre, D.K (AUTONOMOUS) SHOBHAVANA CAMPUS,MIJAR,MOODBIDRI - 574225,MANGALORE TALUK,DHAKSHINA KANNADA",DS,DATA SCIENCES,82916,3AR,72903,3AR,100149,3AR,100149,3AG,100149,3AG,Safe
E065,"Jawaharlal Nehru New College of Engineering, Shimoga P.B. NO. 128,NAVULE, SHIMOGA",DS,DATA SCIENCES,40408,3AG,45507,3AG,66505,3AR,100679,3AR,100679,3AR,Safe
E302,"AMITY UNIVERSITY National Highway 648 (old 207), Devanahalli - Doddaballapur Road",RA,RA,89710,GMR,74759,GMR,98995,GMR,101378,GMR,101378,GMR,Safe
E091,"K S Institute of Technology, Raghuvanahalli, Bangalore(AUTONOMOUS) #14,RAGUVANAHALLI, KANAKAPURA MAIN ROAD,BANGALORE - 560 062.",CD,COMMUNICATION DESIGN,50769,GMR,53131,GMR,66786,GMR,101667,GMR,101667,GMR,Safe
E134,"Smt. Kamala & Sri Venkappa M.Agadi College of Engineering & Technology, Gadag SAVANUR ROAD, GULAGANJIKOPPA,LAXMESHWAR DIST: GADAG",CS,COMPUTER SCIENCE,81844,3AG,71392,GMR,90157,GMR,101815,3AG,101815,3AG,Safe
E185,"Angadi Institute of Technology and Management , Savgoan Rd., Belgaum SAVAGAON ROAD BELGAUM",CS,COMPUTER SCIENCE,76239,3AG,76239,3AG,101918,3AG,101918,3AG,101918,3AG,Safe
E017,"Sri Siddhartha Institute of Technology MARALUR ,TUMKUR",EC,EC,55446,3AG,53320,3AG,83533,GMR,102329,3AG,102329,3AG,Safe
E201,"Gopalan College of Engineering & Management, K.R. Puram, Bangalore SONNENAHALLI, HOODI VILLAGE, ITPL ROAD,BANGALORE",AM,AM,80664,GMR,70166,GMR,103001,GMR,103001,GMR,103001,GMR,Safe
E104,"Nagarjuna College of Engineering & Technology,venkatagiri Kote, Devanahalli, Bangalore Rural.(AUTONOMOUS) MUDUGURKIVENKATAGIRI KOTE DEVANAHALLI,BANGALORE",IS,INFORMATION SCIENCE,71453,3AG,65110,3AG,85133,GMR,103066,3AG,103066,3AG,Safe
E087,"Vivekananada Institute of Technology, Kengeri, Bangalore GUDIMAVU VILLAGE ,KENGERI(HOBLI)NEAR KUMBALAGODU,BANGALORE",AM,AM,54271,GMR,55858,GMR,80845,GMR,103150,GMR,103150,GMR,Safe
E289,"Visvesvaraya Technological University,VTU,CPGS,Kalburgi.",AD,AD,77526,GMR,82445,3AG,103212,3AG,103212,3AG,103212,3AG,Safe
E288,"Garden City University 16th KM, Old Madras Road (Near K R Puram), Bangalore, Karnataka, 560049.",CS,COMPUTER SCIENCE,81878,GMR,72006,GMR,103241,GMR,103241,GMR,103241,GMR,Safe
E171,"Brindavan College of Engineering, Yelahanaka, Bangalore DWARAKANAGARA, BAGALUR MAIN ROAD,YELAHANKA, BANGALORE - 560 063",CS,COMPUTER SCIENCE,75433,GMR,73927,GMR,96114,GMR,104070,GMR,104070,GMR,Safe
E062,"Bapuji Institute of Engineering & Technology, Davangere (AUTONOMOUS) BAPUJI INSTITUTE OF ENGINEERING & TECHNOLOGY,P.B. NO.325,SHAMANUR ROAD,DAVANGERE-577 004",EC,EC,53191,3AR,46319,3AR,80224,3AR,104226,3AR,104226,3AR,Safe
E173,"Sai Vidya Institute of Technology, Rajanakunte, Bangalore RAJANUKUNTE,DODDBALLAPURA ROAD ,VIA: YELAHANKA,BANGALORE",IS,INFORMATION SCIENCE,67539,3AR,69555,3AR,90976,3AR,104494,3AR,104494,3AR,Safe
E011,"M V J College of Engineering, Bangalore(AUTONOMOUS) NEAR ITPB,CHANNASANDRA,KADUGODI POST,BANGALORE",AN,AN,47195,GMR,47493,3AG,67013,GMR,104937,GMR,104937,GMR,Safe
E145,"Rajarajeswari College of Engineering, Bangalore (AUTONOMOUS) #14, RAMOHOLLI CROSS,KUMBALGODU, MYSORE ROAD,BANGALORE - 560074",CD,COMMUNICATION DESIGN,66786,GMR,63541,GMR,79296,GMR,104961,3AG,104961,3AG,Safe
E153,"S E A College of Engineering & Technology, Virgonagar, Bangalore EKTA NAGAR, BASAVANAPURA, VIRGO NAGAR POST, BANGALORE - 560 049.",AM,AM,71243,GMR,69288,GMR,83627,GMR,105051,3AG,105051,3AG,Safe
E058,"P E S College of Engineering, Mandya(AUTONOMOUS) MANDYA: 571 401",EE,EE,53887,GMR,54340,GMR,95997,GMR,105500,GMR,105500,GMR,Safe
E171,"Brindavan College of Engineering, Yelahanaka, Bangalore DWARAKANAGARA, BAGALUR MAIN ROAD,YELAHANKA, BANGALORE - 560 063",AM,AM,74118,GMR,69690,GMR,84610,GMR,105630,GMR,105630,GMR,Safe
E213,"Lingarajappa Engineering College, Bidar SURVEY NO. 25/1, GORNALLI ,BIDAR",ME,ME,237714,3AG,105934,GM,-,-,-,-,105934,GM,Safe
E302,"AMITY UNIVERSITY National Highway 648 (old 207), Devanahalli - Doddaballapur Road",BT,BIO-TECHNOLOGY,58247,3AR,58247,3AR,176317,3AR,106056,3AG,106056,3AG,Safe
E077,"Vidya Vikas Institute of Engineering & Technology, Mysore #127,ALANAHALLY,ALANAHALLY POST,MYSORE-BANNUR ROAD,MYSORE",IS,INFORMATION SCIENCE,50872,3AR,52260,3AR,76239,3AR,106469,3AR,106469,3AR,Safe
E153,"S E A College of Engineering & Technology, Virgonagar, Bangalore EKTA NAGAR, BASAVANAPURA, VIRGO NAGAR POST, BANGALORE - 560 049.",AD,AD,73521,GMR,71515,GMR,90469,GMR,106594,3AG,106594,3AG,Safe
E101,"Channabasaveshwara Institute of Technology, Gubbi Herur, Tumkur NH 206 (BH ROAD), GUBBI, TUMKUR. KARNATAKA",AD,AD,65010,GMR,68773,GMR,80578,GMR,106882,GMR,106882,GMR,Safe
E301,"KISHKINDA UNIVERSITY BALLARI INSTITUTE OF TECHNOLOGY & MANAGEMENT (BITM) CAMPUS, BALLARI-HOSPET ROAD, NEAR ALLIPUR, BALLARI-583104",PH,PH,256467,GMR,133526,GMR,106961,GM,-,-,106961,GM,Safe
E095,"AMC Engineering College, Bannerghatta Road, Bangalore(AUTONOMOUS) 18KM,BANNERAGHATTA ROAD,KALKERE,BANGALORE-560083,BANGALORE URBAN",AN,AN,48463,3AG,50623,GMR,69591,3AG,107003,3AG,107003,3AG,Safe
E303,"GM University KARUR VILLAGE, KASABA HOBLI, DAVANGERE TALUK AND DISTRICT",DS,DATA SCIENCES,117003,3AR,113157,3AR,136903,3AG,107107,GMR,107107,GMR,Safe
E021,"Sri Jayachamarajendra College of Engineering(Constituent College of JSS Science & Technology University), Mysore JSS TECHNICAL INSTITUTIONS CAMPUS,MANASAGANGOTHRI PO,MYSORE",PE,PRODUCTION ENGINEERING,76038,GMR,93607,GMR,93607,GMR,107146,GMR,107146,GMR,Safe
E258,"Maharaja Institute of Technology,Tandavapura,Mysore THANDAVAPURA VILLAGA,ON NATIONAL HIGHWWAYNANJANAGUD TALUK,MYSORE DISTRICT",EC,EC,57127,GMR,52601,GMR,75959,GMR,107204,GMR,107204,GMR,Safe
E144,"Srinivas Institute of Technology, Mangalore SRINIVAS CAMPUS",CD,COMMUNICATION DESIGN,137848,3AG,118939,3AG,203481,GM,107728,GM,107728,GM,Safe
E167,"K L E S's K L E College of Engineering & Technology, Chikkodi, Belgaum Dist. BANANTIKODI ROAD CHIKODI,BELGAUM -591 201,",EC,EC,61707,3AG,54154,3AG,105550,3AG,107981,GMR,107981,GMR,Safe
E055,"P A College of Engineering, Kairangal, Bantwala Tq,. Mangalore NADUPADAV, NEAR MANGALORE UNIVERSITY,MONTEPADAV POST, KAIRANGALA VILLAGE,BANTWAL-MANGALORE",BT,BIO-TECHNOLOGY,60146,GMR,83812,GMR,186305,GM,108122,GM,108122,GM,Safe
E011,"M V J College of Engineering, Bangalore(AUTONOMOUS) NEAR ITPB,CHANNASANDRA,KADUGODI POST,BANGALORE",VL,VL,41931,3AG,37827,GMR,60927,GMR,108154,GMR,108154,GMR,Safe
E126,"B M S Institute of Technology & Management, Yelahanka, Bangalore(AUTONOMOUS) POST BOX NO.6443, AVALAHALLI,DODDABALLAPURA MAIN ROAD,YELAHANKA, BANGALORE - 560064.",CE,COMPUTER ENGINEERING,63416,GMR,66953,GMR,79550,3AG,108661,GMR,108661,GMR,Safe
E014,"S J C Institute of Technology, Chickkaballapur(AUTONOMOUS) P B NO. 20, B B ROAD, CHICKBALLAPUR, CHICKBALLAPUR (DISTRICT)",IS,INFORMATION SCIENCE,55536,GMR,56030,GMR,74216,GMR,109356,GMR,109356,GMR,Safe
E172,"R.R. Institute of Technology, Chikkabanavara, Bangalore(AUTONOMOUS) NO. 67, RAJA REDDY LAYOUT,NEAR CHIKKABANAVARA RAILWAY STATION,CHIKKABANAVARA,BANGALORE - 560090",CS,COMPUTER SCIENCE,67619,GMR,67619,GMR,91478,GMR,109642,GMR,109642,GMR,Safe
E205,"ATME College of Engineering, Mysore SY.NO.1002, HAROHALLI (MELLAHALLI),MYSORE",CS,COMPUTER SCIENCE,54850,GMR,54850,GMR,80581,GMR,109664,GMR,109664,GMR,Safe
E203,"K S School of Engineering & Management, Mallasandra, Bangalore #15/1, MALLASANDRA, OFF KANAKAPURA ROAD, BANGALORE - 560062",CS,COMPUTER SCIENCE,58438,GMR,57313,GMR,93252,GMR,109952,GMR,109952,GMR,Safe
E086,"Sri Sairam College Of Engineering, Anekal, Bangalore SAI LEO NAGAR",AM,AM,66764,GMR,68068,GMR,82923,GMR,110187,GMR,110187,GMR,Safe
E066,"University B.D.T. college of Engineering, (H.GOV),Davangere",RI,RI,81125,3AG,81125,3AG,81125,3AG,110508,GMR,110508,GMR,Safe
E135,"K L S Viswanathrao Deshpande Institute of Technology, Haliyal UDYOG VIDYA NAGAR,DANDELI ROAD, HALIYAL-581329",AM,AM,76586,GMR,73824,GMR,76586,GMR,110671,GMR,110671,GMR,Safe
E291,"Government Engineering College,Naragund,Gadag",AD,AD,55920,3AG,78832,3AG,127952,3AG,110883,3AG,110883,3AG,Safe
E085,"APS College of Engineering, Somanahalli, Bangalore 26 KM KANAKAPURA ROAD BANGALORE 82,BANGALORE URBAN",CS,COMPUTER SCIENCE,57739,GMR,57765,GMR,79251,GMR,111060,GMR,111060,GMR,Safe
E007,"Dayananda Sagar College of Engineering, Bangalore(AUTONOMOUS) SHAVIGE MALLESHWARA HILLS, KUMARASWAMY LAYOUT, BANGALORE-560078",CE,COMPUTER ENGINEERING,73067,GMR,74659,GMR,106944,GMR,111178,GMR,111178,GMR,Safe
E265,"Jain College of Engineering and Technology,Hubballi 404/4, 404/5, SAI NAGAR, UNKAL, HUBLI",AM,AM,63427,3AR,53751,3AR,111443,3AR,111443,3AR,111443,3AR,Safe
E044,"Bheemanna Khandre Institute of Technology, Bhalki BHALKI-HUMNABAD ROAD,BHALKI- 585328,DIST. BIDAR",DS,DATA SCIENCES,89793,GM,85367,GM,111468,GM,111468,GM,111468,GM,Safe
E062,"Bapuji Institute of Engineering & Technology, Davangere (AUTONOMOUS) BAPUJI INSTITUTE OF ENGINEERING & TECHNOLOGY,P.B. NO.325,SHAMANUR ROAD,DAVANGERE-577 004",EE,EE,103488,3AR,109000,3AR,259540,3AR,111485,3AG,111485,3AG,Safe
E307,SESHADRIPURAM INSTITUTE OF TECHNOLOGY MYSURU MYSURU,CS,COMPUTER SCIENCE,66882,GMR,66882,GMR,94227,GMR,111527,3AG,111527,3AG,Safe
E064,"Adhichunchanagiri Institute of Technology, Chickamagalur ADICHUNCHANAGIRI EXTENTION,JYOTHINAGAR,CHIKMAGALUR - 577102",CS,COMPUTER SCIENCE,53819,GMR,53655,GMR,63929,3AG,112026,3AG,112026,3AG,Safe
E065,"Jawaharlal Nehru New College of Engineering, Shimoga P.B. NO. 128,NAVULE, SHIMOGA",RI,RI,90378,3AR,77793,3AR,112049,3AR,112136,3AG,112136,3AG,Safe
E235,"M . S . Ramaiah University of Applied Sciences UNIVERSITY HOUSE, GNANAGANGOTHRI CAMPUS, NEW BEL ROAD, MSR ROAD, BANGALORE - 560054",CE,COMPUTER ENGINEERING,87628,GMR,59040,GMR,93629,GMR,112525,GMR,112525,GMR,Safe
E201,"Gopalan College of Engineering & Management, K.R. Puram, Bangalore SONNENAHALLI, HOODI VILLAGE, ITPL ROAD,BANGALORE",DS,DATA SCIENCES,87689,GMR,73521,GMR,113352,3AR,113352,3AR,113352,3AR,Safe
E157,"Government Engineering College, Ramanagaram DODDAMANNUGUDDE, RAMANAGAR, RAMANAGAR DISTRICT - 571 511",EC,EC,84916,3AG,90246,GMR,108752,GMR,113990,3AG,113990,3AG,Safe
E104,"Nagarjuna College of Engineering & Technology,venkatagiri Kote, Devanahalli, Bangalore Rural.(AUTONOMOUS) MUDUGURKIVENKATAGIRI KOTE DEVANAHALLI,BANGALORE",DS,DATA SCIENCES,70104,GMR,68908,GMR,99142,GMR,114038,GMR,114038,GMR,Safe
E241,"KLE Technological University(Formerly (BVBCET) BVBHOOMARADDI COLLEGE CAMPUS, VIDYANAGAR, HUBBALLI",ME,ME,66373,GMR,66373,GMR,91862,3AG,114846,3AG,114846,3AG,Safe
E007,"Dayananda Sagar College of Engineering, Bangalore(AUTONOMOUS) SHAVIGE MALLESHWARA HILLS, KUMARASWAMY LAYOUT, BANGALORE-560078",AU,AU,42802,3AG,42304,3AG,73372,GMR,115234,3AG,115234,3AG,Safe
E308,"CONSTITUENT COLLEGE OF VTU, CHINTAMANI CHIKABALLAPURA DIST CHIKBALLAPURA",CS,COMPUTER SCIENCE,75269,GMR,71225,GMR,115383,3AG,115383,3AG,115383,3AG,Safe
E113,"Sambhram Institute of Technology, Bangalore AMBABHAVANI TEMPLE ROAD,M.S.PALYA, JALAHALLI EAST,VIDYARANYAPURA POST,BANGALORE",AM,AM,79776,GMR,77527,GMR,98662,GMR,115692,GMR,115692,GMR,Safe
E098,"Atria Institute of Technology, Anand Nagar, Hebbal PO, Bangalore (AUTONOMOUS) ASKB CAMPUS, AG'S COLONY, 1ST MAIN, ANANDNAGAR,BANGALORE",RA,RA,60756,GMR,64406,GMR,86555,GMR,115847,GMR,115847,GMR,Safe
E303,"GM University KARUR VILLAGE, KASABA HOBLI, DAVANGERE TALUK AND DISTRICT",CS,COMPUTER SCIENCE,83036,3AG,83036,3AG,116099,3AG,116099,3AG,116099,3AG,Safe
E016,"Siddaganga Institute of Technology,Tumkur",CH,CH,48724,3AR,48724,3AR,116568,3AR,116568,3AR,116568,3AR,Safe
E103,"Global Academy of Technology, Bangalore(AUTONOMOUS) IDEAL HOMES TOWNSHIP,RAJARAJESHWARINAGAR,BANGALORE-560098",EE,EE,50740,GMR,50740,GMR,70465,3AG,116608,GMR,116608,GMR,Safe
E129,"St.Joseph Engineering College, Mangalore(AUTONOMOUS) MANGALORE",CBS,CBS,48100,3AR,48100,3AR,97341,3AR,116889,3AG,116889,3AG,Safe
E091,"K S Institute of Technology, Raghuvanahalli, Bangalore(AUTONOMOUS) #14,RAGUVANAHALLI, KANAKAPURA MAIN ROAD,BANGALORE - 560 062.",CS,COMPUTER SCIENCE,58246,3AR,55517,3AR,76625,3AR,117239,3AR,117239,3AR,Safe
E186,"ACS College of Engineering, Mysore Road, Bangalore 207,KAMBIPURA, MYSORE ROAD, KENGERI HOBLI,BANGALORE - 560074.",AE,AGRICULTURE ENGINEERING,51376,GMR,51376,GMR,117478,GMR,117478,GMR,117478,GMR,Safe
E158,"Maharaja Institute of Technology Mysore,Belawadi,Srirangapatna,Mandya(AUTONOMOUS) BEHIND K R MILLS,BELAWADI VILLAGE,NAGUVANAHALLI PANCHAYAT,SRIRANGAPATNA TALUK,MANDYA DISTRICT",CBS,CBS,70890,3AG,68126,GMR,86844,GMR,117711,GMR,117711,GMR,Safe
E130,"Shridevi Institute of Engineering & Technology, Tumkur MARELENAHALLY,SIRA ROAD ,TUMKUR",AM,AM,77432,GMR,76943,3AG,97617,GMR,117933,3AG,117933,3AG,Safe
E186,"ACS College of Engineering, Mysore Road, Bangalore 207,KAMBIPURA, MYSORE ROAD, KENGERI HOBLI,BANGALORE - 560074.",EC,EC,91514,GMR,65419,GMR,93984,GMR,118720,GMR,118720,GMR,Safe
E149,"Cambridge Institutute of Technology, K.R.Puram, Bangalore(AUTONOMOUS) K R PURAM,BANGALORE",EE,EE,63101,GMR,52281,3AG,86020,GMR,120150,3AG,120150,3AG,Safe
E150,"P E S Institute of Technology & Management, Shimoga GUDDADAARAKERE, KOTEGANGOORSAGAR ROAD,SHIMOGA",DS,DATA SCIENCES,53709,GMR,56899,GMR,80844,3AG,121113,3AG,121113,3AG,Safe
E291,"Government Engineering College,Naragund,Gadag",CS,COMPUTER SCIENCE,81166,3AG,81614,GMR,121120,3AG,121120,3AG,121120,3AG,Safe
E311,"RATHINAM INSTITUTE OF TECHNOLOGY DODDAKAMMANAHALLY VILLAGE, BEGUR HOBLI,",IS,INFORMATION SCIENCE,146375,GMR,127096,GMR,236912,GM,121156,GM,121156,GM,Safe
E014,"S J C Institute of Technology, Chickkaballapur(AUTONOMOUS) P B NO. 20, B B ROAD, CHICKBALLAPUR, CHICKBALLAPUR (DISTRICT)",CD,COMMUNICATION DESIGN,88745,3AR,74712,3AR,99560,3AR,121200,3AR,121200,3AR,Safe
E237,"PRESIDENCY University ITGALPURA, RAJANUKUNTE, YELAHANKA, BENGALURU - 560 064",EE,EE,70991,GMR,68767,GMR,104879,GMR,121459,GMR,121459,GMR,Safe
E301,"KISHKINDA UNIVERSITY BALLARI INSTITUTE OF TECHNOLOGY & MANAGEMENT (BITM) CAMPUS, BALLARI-HOSPET ROAD, NEAR ALLIPUR, BALLARI-583104",AM,AM,75272,GMR,75272,GMR,121631,GMR,121631,GMR,121631,GMR,Safe
E305,DR H N NATIONAL COLLEGE OF ENGINEERING BENGALURU,AD,AD,67329,GMR,71243,GMR,97613,GMR,121965,GMR,121965,GMR,Safe
E036,"K L E Technological Univeristy, Belgaum Campus (Formerly KLE Dr M.S.Sheshagiri College of Engineering and Technology) UDYAMBAGH,BELGAUM",EE,EE,49991,3AG,56920,3AG,61933,GMR,122017,3AG,122017,3AG,Safe
E064,"Adhichunchanagiri Institute of Technology, Chickamagalur ADICHUNCHANAGIRI EXTENTION,JYOTHINAGAR,CHIKMAGALUR - 577102",DS,DATA SCIENCES,64301,GMR,64097,3AG,87024,3AG,122217,3AG,122217,3AG,Safe
E220,"ALLIANCE University Central Campus, Chikkahadage Cross Chandapura-Anekal, Main Road, Bengaluru, Karnataka 562106",EE,EE,108467,3AR,112380,3AR,121833,3AR,122359,3AG,122359,3AG,Safe
E047,"Malnad College of Engineering, Hassan(AUTONOMOUS) P.B. NO. 21, SALAGAME ROAD,HASSSAN",CBS,CBS,42970,GMR,44862,GMR,63387,GMR,122442,GMR,122442,GMR,Safe
E061,"University B.D.T College of Engineering, Davanagere P J EXTENSION,HADADI ROAD,DAVENGERE",EI,EI,77468,3AG,93274,3AG,122725,3AG,122725,3AG,122725,3AG,Safe
E279,"VISVESVARAYA TECHNOLOGICAL UNIVERSITY, BELAGAVI CAMPUS, BELAGAVI JNANA SANGAMA, MACHHE, BELAGAVI",CS,COMPUTER SCIENCE,90403,3AR,84305,3AR,123076,3AR,123076,3AR,123076,3AR,Safe
E144,"Srinivas Institute of Technology, Mangalore SRINIVAS CAMPUS",EE,EE,140015,GMR,123231,GMR,-,-,-,-,123231,GMR,Safe
E302,"AMITY UNIVERSITY National Highway 648 (old 207), Devanahalli - Doddaballapur Road",IOT,COMPUTER SCIENCE AND ENGG(INTERNET OF THINGS),75620,GMR,73905,GMR,90403,GMR,123389,GMR,123389,GMR,Safe
E012,"Sir M.Visvesvaraya Institute of Technology, Bangalore KRISHNADEVARAYANAGAR, HUNASAMARANAHALLI, VIA YELAHANKA,BANGALORE - 562 157",ET,ET,36512,GMR,39316,GMR,54934,GMR,123891,GMR,123891,GMR,Safe
E156,"K R PET KRISHNA, GOVERNMENT ENGINEERING COLLEGES, K R PET, MANDYA KRISHNARAJPET, MANDYA DIST. - 571 426,",EC,EC,89472,GMR,87570,3AG,116217,GMR,124586,GMR,124586,GMR,Safe
E186,"ACS College of Engineering, Mysore Road, Bangalore 207,KAMBIPURA, MYSORE ROAD, KENGERI HOBLI,BANGALORE - 560074.",CS,COMPUTER SCIENCE,76625,3AR,66576,3AR,98132,3AR,125014,3AR,125014,3AR,Safe
E310,"GOVERNMENT ENGINEERING COLLEGE, ARASIKERE ARASIKERE, HASSAN DISTRICT",AM,AM,65349,3AG,72496,3AG,92866,GMR,125085,3AG,125085,3AG,Safe
E018,"Kalpatharu Institute of Technology, Tiptur B.H.ROAD,HASSAN CIRCLE,TIPTUR-572202",AM,AM,81158,3AR,81158,3AR,94988,3AR,125297,3AR,125297,3AR,Safe
E201,"Gopalan College of Engineering & Management, K.R. Puram, Bangalore SONNENAHALLI, HOODI VILLAGE, ITPL ROAD,BANGALORE",CS,COMPUTER SCIENCE,78443,GMR,75110,GMR,105148,GMR,125687,3AG,125687,3AG,Safe
E135,"K L S Viswanathrao Deshpande Institute of Technology, Haliyal UDYOG VIDYA NAGAR,DANDELI ROAD, HALIYAL-581329",EC,EC,78307,GMR,76586,GMR,133523,3AG,126708,GMR,126708,GMR,Safe
E196,"Jain College of Engineering,Machche, Belgaum T.S. NAGAR,HUNCHANHATTI ROAD,MACCHE, BELGAUM- 590014.",EC,EC,54214,3AG,54082,3AG,73663,3AG,127195,3AG,127195,3AG,Safe
E028,"Tontadarya College of Engineering, Gadag MUNDARAGI ROAD ,GADAG - 582101",CS,COMPUTER SCIENCE,78677,3AG,76387,GMR,127301,3AG,127301,3AG,127301,3AG,Safe
E274,"Government Engineering College, Mosale Hosahalli, Hassan MOSALEHOSAHALLI, HASSAN",EC,EC,91323,GMR,90425,3AG,114519,GMR,127353,3AG,127353,3AG,Safe
E063,"S J M Institute of Technology, Chitradurga P B NO 73, NH -4 BYE PASS, CHITRADURGA",AM,AM,72932,GMR,84569,3AG,114039,3AG,127803,GMR,127803,GMR,Safe
E252,"Mysore College Of Engineering and Management,Mysore CHIKAHALLI, VARUNA HOBALI, NEAR BIG BANYAN TREE, TN ROAD,MYSORE",DS,DATA SCIENCES,75026,GMR,82467,GMR,127975,GMR,-,-,127975,GMR,Safe
E002,"Govt.S K S J T Institute of Engineering, Bangalore AMBEDKAR VEEDHI, K.R. CIRCLE, BANGALORE-01",CE,COMPUTER ENGINEERING,77321,3AG,82092,3AG,108682,3AG,127979,GMR,127979,GMR,Safe
E254,"A J Institute Of Engineering And Technology.Kottar chowki Boloor Village Mangalore KOTTARA CHOWKI BOLOOR VILLAGE,DAKSHINA KANNADA",AD,AD,70774,GMR,66909,GMR,80244,GMR,128383,GMR,128383,GMR,Safe
E124,"Rajiv Gandhi Institute of Technology, Bangalore CHOLANGAR,R.T.NAGAR POST, HEBBAL,BANGALORE-560032",AM,AM,79610,GMR,78443,GMR,79610,GMR,128488,GMR,128488,GMR,Safe
E085,"APS College of Engineering, Somanahalli, Bangalore 26 KM KANAKAPURA ROAD BANGALORE 82,BANGALORE URBAN",AM,AM,73905,3AR,58713,3AR,101529,3AR,128668,3AR,128668,3AR,Safe
E193,Srinivas University SRINIVAS CAMPUS MUKKA MANGALURU,ME,ME,186518,3AG,171095,GMR,255749,GM,129125,GM,129125,GM,Safe
E175,"S.S.E.T.S.S.G.Balekundri Institute of Technology, Shivabasavanagar, Belgaum SHIVABASAVA NAGAR, BELGAUM - 590010",AD,AD,74346,3AG,72176,3AG,129187,3AG,129187,3AG,129187,3AG,Safe
E096,"East Point College of Engineering & Technology, Bangalore(AUTONOMOUS) JNANA PRABHA, BIDARAHALLI,VIRGONAGAR POST,BANGALORE.",EC,EC,67564,GMR,62201,GMR,90290,GMR,129399,GMR,129399,GMR,Safe
E283,"University of Mysuru B.N.BAHADUR INSTITUTE OF MANAGEMENT SCIENCES, (DOS IN BUSSINESS ADMINISTRATION)UNIVERSITY OF MYSORE, MANASAGANGOTRI,HUNSUR ROAD,MYSORE.",AD,AD,58030,GMR,67329,GMR,77316,3AG,129668,GMR,129668,GMR,Safe
E162,"Government Engineering College, Raichur RAICHUR-HYDERABAD ROAD YERAMARUS,RAICHUR",EC,EC,87456,GMR,87456,GMR,129932,GMR,129932,GMR,129932,GMR,Safe
E175,"S.S.E.T.S.S.G.Balekundri Institute of Technology, Shivabasavanagar, Belgaum SHIVABASAVA NAGAR, BELGAUM - 590010",EC,EC,98291,3AR,98291,3AR,130167,3AG,130167,3AG,130167,3AG,Safe
E269,"Jain College Of Engineering and Research, Belgaum SHREYAS CTS 1598 ADAJCENT TO TO FOUNDRY CLUSTER NEAR DUTCH INDUSTRIAL ESTATE CHANNAMMA NAGAR ANAGOL BELGAVI",CS,COMPUTER SCIENCE,54201,3AG,48871,GMR,68426,3AG,130372,3AG,130372,3AG,Safe
E160,"Sahyadri College Of Engineering & Management, Adyar, Mangalore(AUTONOMOUS) 'SAHYADRI CAMPUS'N.H-48, ADYAR,MANGALORE",ME,ME,97831,GMR,93400,GMR,130713,3AG,130713,3AG,130713,3AG,Safe
E103,"Global Academy of Technology, Bangalore(AUTONOMOUS) IDEAL HOMES TOWNSHIP,RAJARAJESHWARINAGAR,BANGALORE-560098",AN,AN,71725,3AR,52764,3AR,79791,3AR,130802,3AR,130802,3AR,Safe
E241,"KLE Technological University(Formerly (BVBCET) BVBHOOMARADDI COLLEGE CAMPUS, VIDYANAGAR, HUBBALLI",RA,RA,49516,3AR,49516,3AR,75528,3AR,130886,3AR,130886,3AR,Safe
E147,"T.John Institute of technology, Bangalore #86/1, KAMMANAHALLI,GOTTIGERE,BANNERUGATTA ROAD,BANGALORE",CS,COMPUTER SCIENCE,73419,GMR,69399,GMR,105289,GMR,130922,GMR,130922,GMR,Safe
E169,"Alva's Institute of Engineering & Technology, Moodabidre, D.K (AUTONOMOUS) SHOBHAVANA CAMPUS,MIJAR,MOODBIDRI - 574225,MANGALORE TALUK,DHAKSHINA KANNADA",CS,COMPUTER SCIENCE,60881,3AG,66436,3AG,85581,GMR,130948,3AG,130948,3AG,Safe
E302,"AMITY UNIVERSITY National Highway 648 (old 207), Devanahalli - Doddaballapur Road",FS,FS,105131,GMR,93593,GMR,106613,3AG,131531,3AG,131531,3AG,Safe
E220,"ALLIANCE University Central Campus, Chikkahadage Cross Chandapura-Anekal, Main Road, Bengaluru, Karnataka 562106",AE,AGRICULTURE ENGINEERING,48637,GMR,53015,GMR,108154,GMR,132009,GMR,132009,GMR,Safe
E066,"University B.D.T. college of Engineering, (H.GOV),Davangere",EC,EC,71839,3AR,73731,3AR,132185,3AR,132185,3AR,132185,3AR,Safe
E156,"K R PET KRISHNA, GOVERNMENT ENGINEERING COLLEGES, K R PET, MANDYA KRISHNARAJPET, MANDYA DIST. - 571 426,",CS,COMPUTER SCIENCE,67372,3AR,67372,3AR,87415,3AR,132612,3AR,132612,3AR,Safe
E211,"Jain Institute of Technology, Davanagere 323, BADA CROSS NEAR BLIND SCHOOL AVARAGERE DAVANGERE",CS,COMPUTER SCIENCE,83885,3AR,81757,3AR,159662,3AR,133359,3AG,133359,3AG,Safe
E232,"REVA University RUKMINI KNOWLEDGE PARK, KATTIGENAHALLI, YELAHANKA,BANGALORE - 560064,",ME,ME,87149,GMR,92866,GMR,120904,GMR,133410,3AG,133410,3AG,Safe
E079,"Acharya Institute of Technology, Soldevanahalli,Chikkabanavara post, Bangalore SOLDEVANAHALLI, HESARAGHATTA MAIN ROAD, CHIKKABANAVARA POST,BANGALORE URBAN",BT,BIO-TECHNOLOGY,45081,GMR,45081,GMR,52080,3AG,133526,GMR,133526,GMR,Safe
E042,"Khaja Bandanawaz University KBN University Street, Khaja Colony, Kalaburagi, Karnataka 585104",CS,COMPUTER SCIENCE,74822,GMR,85047,GMR,159162,3AG,133612,GM,133612,GM,Safe
E281,"Government Engineering College, Challakere, Chitradurga BALLARI ROAD CHALLAKERE,CHITRADURGA",AM,AM,61938,3AG,66406,3AG,90094,3AG,133621,3AG,133621,3AG,Safe
E241,"KLE Technological University(Formerly (BVBCET) BVBHOOMARADDI COLLEGE CAMPUS, VIDYANAGAR, HUBBALLI",CE,COMPUTER ENGINEERING,55877,3AG,55877,3AG,134359,3AG,134359,3AG,134359,3AG,Safe
E185,"Angadi Institute of Technology and Management , Savgoan Rd., Belgaum SAVAGAON ROAD BELGAUM",EC,EC,79693,3AG,79439,3AG,95175,3AG,134624,GMR,134624,GMR,Safe
E205,"ATME College of Engineering, Mysore SY.NO.1002, HAROHALLI (MELLAHALLI),MYSORE",CY,CY,70363,GMR,68084,GMR,103951,GMR,135197,GM,135197,GM,Safe
E130,"Shridevi Institute of Engineering & Technology, Tumkur MARELENAHALLY,SIRA ROAD ,TUMKUR",CS,COMPUTER SCIENCE,79703,GMR,77337,GMR,105552,GMR,135636,3AG,135636,3AG,Safe
E154,"Government Engineering College, Chamarajanagara GOVERNMENT POLYTECHNIC CAMPUS,NANJANGUD ROAD,CHAMARAJANAGARA",CS,COMPUTER SCIENCE,55370,3AG,58034,3AG,130867,3AR,135832,3AR,135832,3AR,Safe
E120,"Jnanavikasa Institute of Technology, Bidadi,Ramanagar VIDYA SOUDHA, 32ND K.M.BANGALORE - MYSORE HIGH WAY,",CE,COMPUTER ENGINEERING,214377,3AR,214843,GMR,135884,GM,-,-,135884,GM,Safe
E241,"KLE Technological University(Formerly (BVBCET) BVBHOOMARADDI COLLEGE CAMPUS, VIDYANAGAR, HUBBALLI",BT,BIO-TECHNOLOGY,39280,GMR,53311,3AG,64078,3AG,137213,3AG,137213,3AG,Safe
E114,"G M Institute of Technology, Davanagere POST BOX. NO. 4, P.B.ROAD.DAVANGERE.",CS,COMPUTER SCIENCE,46319,3AR,47219,3AR,66909,3AR,137260,3AR,137260,3AR,Safe
E127,"M S Engineering College, Bangalore NAVARATHNA AGRAHARA, SADAHALLIPOST, NEAR BIAL, BANGALORE",AM,AM,68991,GMR,65750,GMR,103655,GMR,137462,GMR,137462,GMR,Safe
E152,"S D M Institute of Tech., Ujire, Dakshina Kannada UJIRE-574240 DAKSHINA KANNADA KARNATAKA",CE,COMPUTER ENGINEERING,161090,GMR,177567,GMR,138284,GM,138284,GM,138284,GM,Safe
E269,"Jain College Of Engineering and Research, Belgaum SHREYAS CTS 1598 ADAJCENT TO TO FOUNDRY CLUSTER NEAR DUTCH INDUSTRIAL ESTATE CHANNAMMA NAGAR ANAGOL BELGAVI",ME,ME,191181,3AG,255748,3AR,138671,GM,-,-,138671,GM,Safe
E113,"Sambhram Institute of Technology, Bangalore AMBABHAVANI TEMPLE ROAD,M.S.PALYA, JALAHALLI EAST,VIDYARANYAPURA POST,BANGALORE",AD,AD,75305,3AR,75305,3AR,92972,3AR,138881,GMR,138881,GMR,Safe
E169,"Alva's Institute of Engineering & Technology, Moodabidre, D.K (AUTONOMOUS) SHOBHAVANA CAMPUS,MIJAR,MOODBIDRI - 574225,MANGALORE TALUK,DHAKSHINA KANNADA",IOTCS,IOTCS,78909,3AG,85416,GMR,110091,GMR,139071,GMR,139071,GMR,Safe
E013,"Ghousia Engineering College, Ramanagara BANGALORE - MYSORE ROAD,RAMANAGARA",AM,AM,55566,3AG,51613,GMR,75144,3AG,139151,GMR,139151,GMR,Safe
E207,"V S M`s Somashekhar R Kothiwale Institute of Technology,Nippani, Belgaum. BASAV-VIDYA NAGAR,BELGAUM",AM,AM,153311,3AG,137213,3AG,127275,GMR,139356,GMR,139356,GMR,Safe
E146,"Shreedevi Institute of Technology, Mangalore AIRPORT ROAD, KENJAR VILLAGE,MALAVOOR PANCHAYAT,DAKSHINA KANNADA",IS,INFORMATION SCIENCE,127347,3AG,121585,3AG,173003,GM,139413,GM,139413,GM,Safe
E308,"CONSTITUENT COLLEGE OF VTU, CHINTAMANI CHIKABALLAPURA DIST CHIKBALLAPURA",AM,AM,120070,3AR,100149,3AR,139438,3AR,139438,3AR,139438,3AR,Safe
E130,"Shridevi Institute of Engineering & Technology, Tumkur MARELENAHALLY,SIRA ROAD ,TUMKUR",AD,AD,82317,GMR,88725,GMR,106097,GMR,139545,GMR,139545,GMR,Safe
E109,"City Engineering College,Doddakalisandra, Bangalore South DODDAKALLASANDRA, KANAKAPURA ROAD, BANGALORE.",AM,AM,71107,3AR,77393,3AR,93627,3AR,140102,3AR,140102,3AR,Safe
E177,"Rajeev Institute of Technology, Hassan PLOT 1-D(P-1), GROWTH CENTRE, INDUSTRIAL AREA, BANGALORE MANGALORE BYPASS ROAD",AD,AD,88356,GMR,84057,GMR,89286,GMR,140235,GMR,140235,GMR,Safe
E031,"B V V Sangha`s Basaveshwara Engineering College , Bagalkote (AUTONOMOUS) NIJALINGAPPA ROAD,BAGALKOT 587102",EE,EE,61933,3AR,61933,3AR,92709,3AR,140401,3AG,140401,3AG,Safe
E221,"Biluru Gurubasava Mahaswamiji Institute of Technology,Mudhol,Bagalkote. MANTUR ROAD, MUDHOL,BAGALKOTE",AM,AM,100237,3AG,100237,3AG,154218,3AG,140696,GM,140696,GM,Safe
E139,"Impact College of Engineering & Applied Sciences, Bangalore KODIGEHALLI,SAHAKARANAGAR SOUTH BANGALORE",CE,COMPUTER ENGINEERING,140752,GMR,140752,GMR,-,-,-,-,140752,GMR,Safe
E004,"Dr. Ambedkar Institute of Technology, Bangalore(AUTONOMOUS) OUTER RING ROAD,NEAR JNANA BHARATHI CAMPUS,MALLATHAHALLI,BANGALORE-560056",ME,ME,75466,GMR,86668,GMR,112641,GMR,140790,3AG,140790,3AG,Safe
E169,"Alva's Institute of Engineering & Technology, Moodabidre, D.K (AUTONOMOUS) SHOBHAVANA CAMPUS,MIJAR,MOODBIDRI - 574225,MANGALORE TALUK,DHAKSHINA KANNADA",AM,AM,57992,GMR,61066,GMR,72126,GMR,141023,3AG,141023,3AG,Safe
E071,"Vidya Vardhaka College of Engineering, Mysore(AUTONOMOUS) P.B.NO.206,GOKULAM 3RD STAGE,MYSORE",CE,COMPUTER ENGINEERING,90396,GMR,95876,GMR,141125,GMR,141125,GMR,141125,GMR,Safe
E016,"Siddaganga Institute of Technology,Tumkur",CE,COMPUTER ENGINEERING,71032,GMR,72135,GMR,112380,GMR,141187,GMR,141187,GMR,Safe
E165,"Yenepoya Institute Of Technology, Mangalore VIDYANAGAR N.H 13THODAR MIJAR POST MOODBIDRI MANGALORE TQ",EE,EE,144224,GMR,142421,GMR,-,-,-,-,142421,GMR,Safe
E235,"M . S . Ramaiah University of Applied Sciences UNIVERSITY HOUSE, GNANAGANGOTHRI CAMPUS, NEW BEL ROAD, MSR ROAD, BANGALORE - 560054",AU,AU,43872,GMR,43872,GMR,49124,GMR,142482,GMR,142482,GMR,Safe
E008,"Bangalore Institute of Technology, K.R.Road, Bangalore (AUTONOMOUS) K.R.ROAD, V.V.PURA, BANGALORE-560004",ME,ME,55754,3AR,68200,3AR,94611,3AR,142508,3AR,142508,3AR,Safe
E163,"Government Engineering College, Haveri DEVAGIRI,HAVERI",CS,COMPUTER SCIENCE,90546,3AR,78062,3AR,99357,3AR,142843,3AR,142843,3AR,Safe
E161,"Government Engineering College, Kushalanagar MEDIKERI ROAD,MADAPATNA,KUSHALANAGAR",EC,EC,98007,3AR,101535,3AR,119322,3AR,142875,3AR,142875,3AR,Safe
E310,"GOVERNMENT ENGINEERING COLLEGE, ARASIKERE ARASIKERE, HASSAN DISTRICT",CS,COMPUTER SCIENCE,90094,3AR,90094,3AR,118755,3AR,143143,3AR,143143,3AR,Safe
E145,"Rajarajeswari College of Engineering, Bangalore (AUTONOMOUS) #14, RAMOHOLLI CROSS,KUMBALGODU, MYSORE ROAD,BANGALORE - 560074",RA,RA,66745,3AG,72243,GMR,115692,GMR,143279,GMR,143279,GMR,Safe
E281,"Government Engineering College, Challakere, Chitradurga BALLARI ROAD CHALLAKERE,CHITRADURGA",CS,COMPUTER SCIENCE,72624,3AG,82873,3AG,98098,3AG,143998,3AG,143998,3AG,Safe
E004,"Dr. Ambedkar Institute of Technology, Bangalore(AUTONOMOUS) OUTER RING ROAD,NEAR JNANA BHARATHI CAMPUS,MALLATHAHALLI,BANGALORE-560056",CE,COMPUTER ENGINEERING,86344,GMR,86822,GMR,121682,GMR,144168,GMR,144168,GMR,Safe
E172,"R.R. Institute of Technology, Chikkabanavara, Bangalore(AUTONOMOUS) NO. 67, RAJA REDDY LAYOUT,NEAR CHIKKABANAVARA RAILWAY STATION,CHIKKABANAVARA,BANGALORE - 560090",IS,INFORMATION SCIENCE,80035,3AR,80035,3AR,109944,3AR,144309,3AR,144309,3AR,Safe
E092,"Vemana Institute of Technology, Bangalore #1, MAHAYOGI VEMANA ROAD, 3RD BLOCK, KORMANGALA, BANGALORE -560034.",IS,INFORMATION SCIENCE,68643,GMR,68180,GMR,93198,GMR,144457,GMR,144457,GMR,Safe
E252,"Mysore College Of Engineering and Management,Mysore CHIKAHALLI, VARUNA HOBALI, NEAR BIG BANYAN TREE, TN ROAD,MYSORE",ME,ME,144871,3AG,144871,3AG,-,-,-,-,144871,3AG,Safe
E163,"Government Engineering College, Haveri DEVAGIRI,HAVERI",EC,EC,110540,3AG,110658,3AG,145129,3AG,145129,3AG,145129,3AG,Safe
E043,"Gurunanak Dev Engineering College, Bidar MAILOOR ROAD,BIDAR 585403",DS,DATA SCIENCES,159542,3AG,149896,3AG,113212,GMR,145397,GMR,145397,GMR,Safe
E307,SESHADRIPURAM INSTITUTE OF TECHNOLOGY MYSURU MYSURU,AM,AM,73316,3AR,73316,3AR,130557,3AR,145731,3AG,145731,3AG,Safe
E159,"Karavali Institute of Technology, Neermarga, Mangalore PADU POST, VIA PEDUMALE,NEERUMARGA,MANGALORE -575029",AN,AN,127138,GMR,114247,3AG,251797,GM,146146,GM,146146,GM,Safe
E055,"P A College of Engineering, Kairangal, Bantwala Tq,. Mangalore NADUPADAV, NEAR MANGALORE UNIVERSITY,MONTEPADAV POST, KAIRANGALA VILLAGE,BANTWAL-MANGALORE",AM,AM,74449,3AG,79915,3AG,134325,3AG,146509,GM,146509,GM,Safe
E186,"ACS College of Engineering, Mysore Road, Bangalore 207,KAMBIPURA, MYSORE ROAD, KENGERI HOBLI,BANGALORE - 560074.",CY,CY,84843,GMR,68063,GMR,85295,GMR,147508,GMR,147508,GMR,Safe
E235,"M . S . Ramaiah University of Applied Sciences UNIVERSITY HOUSE, GNANAGANGOTHRI CAMPUS, NEW BEL ROAD, MSR ROAD, BANGALORE - 560054",ME,ME,41922,GMR,41871,3AG,110019,GMR,147823,GMR,147823,GMR,Safe
E222,"Cambridge Institute Of Technology, North Campus, Devanahalli, Bangalore SURVEY NO. 73, LINGADHEERA GOLLAHALLI, KUNDANA POST, DEVANAHALLI TALUK",DS,DATA SCIENCES,61660,GMR,51532,GMR,79334,GMR,147918,GMR,147918,GMR,Safe
E040,"Hira Sugar Institute of Technology, Nidasoshi NIDAOSHI,TALUKA: HUKERI,DISTRICT: BELGAUM",EE,EE,129187,3AG,122053,3AG,261164,GM,148486,GM,148486,GM,Safe
E128,"Sharanbasava University (Formerly Appa Institute of Engineering and Tech) SHARNBASVESHWARA INSTITUTIONS CAMPUS , KALABURAGI ( GULBARGA) -585103 , KARNATAKA",EC,EC,104800,3AG,93739,GMR,148679,3AG,148679,3AG,148679,3AG,Safe
E112,"Sri Krishna Institute of Technology, Bangalore NO. 29, HESARAGHATTA MAIN ROAD,CHIMNEY HILLS, CHIKKABANAVARA POST,BANGALORE - 560090",AM,AM,77441,3AR,76287,3AR,88391,3AR,148852,3AR,148852,3AR,Safe
E144,"Srinivas Institute of Technology, Mangalore SRINIVAS CAMPUS",ME,ME,147152,GMR,147152,GMR,148974,GM,148974,GM,148974,GM,Safe
E305,DR H N NATIONAL COLLEGE OF ENGINEERING BENGALURU,CS,COMPUTER SCIENCE,93939,GMR,72393,GMR,113855,GMR,149211,GMR,149211,GMR,Safe
E043,"Gurunanak Dev Engineering College, Bidar MAILOOR ROAD,BIDAR 585403",IOTCS,IOTCS,99586,GM,95889,GM,127184,GM,149648,GM,149648,GM,Safe
E036,"K L E Technological Univeristy, Belgaum Campus (Formerly KLE Dr M.S.Sheshagiri College of Engineering and Technology) UDYAMBAGH,BELGAUM",BM,BM,41744,GMR,61316,GMR,132164,GMR,149969,GM,149969,GM,Safe
E104,"Nagarjuna College of Engineering & Technology,venkatagiri Kote, Devanahalli, Bangalore Rural.(AUTONOMOUS) MUDUGURKIVENKATAGIRI KOTE DEVANAHALLI,BANGALORE",EC,EC,82131,3AR,82131,3AR,108866,3AR,151450,3AR,151450,3AR,Safe
E112,"Sri Krishna Institute of Technology, Bangalore NO. 29, HESARAGHATTA MAIN ROAD,CHIMNEY HILLS, CHIKKABANAVARA POST,BANGALORE - 560090",ME,ME,191332,3AR,151470,3AR,-,-,-,-,151470,3AR,Safe
E164,"Government Engineering College, Hoovina Hadagali HUVINAHADAGALI 583219,DIST: VIJAYANAGARA",CS,COMPUTER SCIENCE,64222,GMR,76795,GMR,151759,3AR,151759,3AG,151759,3AG,Safe
E109,"City Engineering College,Doddakalisandra, Bangalore South DODDAKALLASANDRA, KANAKAPURA ROAD, BANGALORE.",CE,COMPUTER ENGINEERING,178344,GMR,152278,GMR,-,-,-,-,152278,GMR,Safe
E302,"AMITY UNIVERSITY National Highway 648 (old 207), Devanahalli - Doddaballapur Road",CD2,CD2,-,-,113357,GMR,152796,GMR,152796,GMR,152796,GMR,Safe
E112,"Sri Krishna Institute of Technology, Bangalore NO. 29, HESARAGHATTA MAIN ROAD,CHIMNEY HILLS, CHIKKABANAVARA POST,BANGALORE - 560090",CE,COMPUTER ENGINEERING,190571,GMR,153889,GMR,-,-,-,-,153889,GMR,Safe
E239,"East West College Of Engineering, Yelahanka,Bangalore NO.13 SECTOR ""A"", YELAHANKA NEW TOWN,YELAHANKA, BANGALORE-560064",AN,AN,62176,GMR,62176,GMR,84049,3AG,153965,GMR,153965,GMR,Safe
E171,"Brindavan College of Engineering, Yelahanaka, Bangalore DWARAKANAGARA, BAGALUR MAIN ROAD,YELAHANKA, BANGALORE - 560 063",IOTCS,IOTCS,93617,3AR,86998,3AR,132501,3AR,154121,3AR,154121,3AR,Safe
E104,"Nagarjuna College of Engineering & Technology,venkatagiri Kote, Devanahalli, Bangalore Rural.(AUTONOMOUS) MUDUGURKIVENKATAGIRI KOTE DEVANAHALLI,BANGALORE",IOTCS,IOTCS,82885,GMR,75552,GMR,93617,GMR,154244,GMR,154244,GMR,Safe
E256,"RAI TECHNOLOGICAL UNIVERSITY 11TH MILE GALLU, DODDABALLAPUR - NELAMANGALA ROAD, MALLOHALLI VILLAGE KADANUR, DODDABALLAPUR TALUK, BENGALURU",IT,IT,145060,3AR,150788,3AR,154783,GM,-,-,154783,GM,Safe
E142,"Adhichunchanagiri University (Formerly B G S Institute of Technology) B.G.NAGARA ,NAGAMANGALA TALUK,MANDYA DISTRICT -571448",CS,COMPUTER SCIENCE,70029,3AR,65614,3AR,88338,3AR,155095,3AR,155095,3AR,Safe
E279,"VISVESVARAYA TECHNOLOGICAL UNIVERSITY, BELAGAVI CAMPUS, BELAGAVI JNANA SANGAMA, MACHHE, BELAGAVI",EC,EC,93146,3AG,86711,3AG,111485,3AG,155966,3AG,155966,3AG,Safe
E061,"University B.D.T College of Engineering, Davanagere P J EXTENSION,HADADI ROAD,DAVENGERE",EE,EE,79772,3AR,93651,3AR,104295,3AR,156358,3AR,156358,3AR,Safe
E142,"Adhichunchanagiri University (Formerly B G S Institute of Technology) B.G.NAGARA ,NAGAMANGALA TALUK,MANDYA DISTRICT -571448",ME,ME,156614,3AR,166882,3AR,238963,GM,156614,GM,156614,GM,Safe
E055,"P A College of Engineering, Kairangal, Bantwala Tq,. Mangalore NADUPADAV, NEAR MANGALORE UNIVERSITY,MONTEPADAV POST, KAIRANGALA VILLAGE,BANTWAL-MANGALORE",EC,EC,110862,3AG,115451,3AG,250452,GM,156810,GM,156810,GM,Safe
E158,"Maharaja Institute of Technology Mysore,Belawadi,Srirangapatna,Mandya(AUTONOMOUS) BEHIND K R MILLS,BELAWADI VILLAGE,NAGUVANAHALLI PANCHAYAT,SRIRANGAPATNA TALUK,MANDYA DISTRICT",ME,ME,227334,GMR,248805,GMR,156812,GMR,156812,GMR,156812,GMR,Safe
E113,"Sambhram Institute of Technology, Bangalore AMBABHAVANI TEMPLE ROAD,M.S.PALYA, JALAHALLI EAST,VIDYARANYAPURA POST,BANGALORE",CS,COMPUTER SCIENCE,82979,3AR,78070,3AR,105329,3AR,157127,3AR,157127,3AR,Safe
E008,"Bangalore Institute of Technology, K.R.Road, Bangalore (AUTONOMOUS) K.R.ROAD, V.V.PURA, BANGALORE-560004",CE,COMPUTER ENGINEERING,78883,GMR,78671,GMR,117346,GMR,159220,GMR,159220,GMR,Safe
E177,"Rajeev Institute of Technology, Hassan PLOT 1-D(P-1), GROWTH CENTRE, INDUSTRIAL AREA, BANGALORE MANGALORE BYPASS ROAD",CE,COMPUTER ENGINEERING,159345,GMR,159345,GMR,-,-,-,-,159345,GMR,Safe
E168,"Amrutha Institute of Engineering & Management Science (AIEMS), Ramanagar BIDADI INDUSTRIAL AREA, OFF MYSORE ROAD, NEAR TOYOTA KIRLOSKAR MOTORS, BMRDA REGION, BANGALORE",ME,ME,155618,GMR,159612,GMR,-,-,-,-,159612,GMR,Safe
E038,"BLDEA's VP. Dr.P.G. Hallakatti College of Engineering & Technology, Bijapur ASHRAM ROAD,BIJAPUR - 586103",CS,COMPUTER SCIENCE,60784,3AR,61601,3AR,66476,3AR,159662,3AR,159662,3AR,Safe
E279,"VISVESVARAYA TECHNOLOGICAL UNIVERSITY, BELAGAVI CAMPUS, BELAGAVI JNANA SANGAMA, MACHHE, BELAGAVI",RA,RA,149671,3AR,123076,3AR,153214,GMR,159867,GMR,159867,GMR,Safe
E303,"GM University KARUR VILLAGE, KASABA HOBLI, DAVANGERE TALUK AND DISTRICT",IS,INFORMATION SCIENCE,101931,GMR,91050,GMR,159929,3AG,159929,3AG,159929,3AG,Safe
E212,"Dayananda Sagar Academy of Technology & Management Technical Campus, Bangalore(AUTONOMOUS) UDAYAPURA,KANAKAPURA ROAD,BANGALORE URBAN",ME,ME,94393,3AR,94393,3AR,127077,3AR,160358,GMR,160358,GMR,Safe
E045,"Rao Bahadur Y.Mahabaleswarappa Engineering College, Bellary CONTONMENT, BELLARY-583104",CS,COMPUTER SCIENCE,83221,GMR,82135,GMR,108735,GMR,160555,3AG,160555,3AG,Safe
E061,"University B.D.T College of Engineering, Davanagere P J EXTENSION,HADADI ROAD,DAVENGERE",CE,COMPUTER ENGINEERING,101325,3AR,160704,3AR,160704,3AR,160704,3AG,160704,3AG,Safe
E100,"K N S Institute of Technology, Bangalore THIRUMENAHALLI, HEGGADENAGAR-KOGILU ROAD, YELAHANKA, BANGALORE-560064",IOTCS,IOTCS,91912,GMR,86954,GMR,145365,GMR,161212,GM,161212,GM,Safe
E199,"AGM Rural Engineering College, Varur, Hubli NH-4, P.B. ROAD OPP VRL HEAD OFFICE VARUR.,DHARWAD",CS,COMPUTER SCIENCE,86457,3AG,92648,3AG,114846,3AG,161381,3AG,161381,3AG,Safe
E113,"Sambhram Institute of Technology, Bangalore AMBABHAVANI TEMPLE ROAD,M.S.PALYA, JALAHALLI EAST,VIDYARANYAPURA POST,BANGALORE",CY,CY,84477,GMR,78116,GMR,102276,GMR,162099,3AG,162099,3AG,Safe
E033,"Sri Taralabalu Jagadguru Institute of Technology, Ranebennur P B ROAD (NH4),RANEBENNUR-581 115,HAVERI DISTRICT",CS,COMPUTER SCIENCE,89967,3AG,89342,3AG,127724,3AG,162248,GMR,162248,GMR,Safe
E130,"Shridevi Institute of Engineering & Technology, Tumkur MARELENAHALLY,SIRA ROAD ,TUMKUR",ME,ME,165827,GMR,162325,GMR,-,-,-,-,162325,GMR,Safe
E028,"Tontadarya College of Engineering, Gadag MUNDARAGI ROAD ,GADAG - 582101",AM,AM,91072,3AG,73723,3AG,108770,3AG,162430,GMR,162430,GMR,Safe
E032,"R.T.E. Soceity's Rural Engineering College, Hulkoti HULKOTI -582 205,GADAG",CE,COMPUTER ENGINEERING,162749,3AR,162749,3AR,-,-,-,-,162749,3AR,Safe
E061,"University B.D.T College of Engineering, Davanagere P J EXTENSION,HADADI ROAD,DAVENGERE",ME,ME,116419,GMR,160618,3AG,160618,3AG,163277,3AG,163277,3AG,Safe
E012,"Sir M.Visvesvaraya Institute of Technology, Bangalore KRISHNADEVARAYANAGAR, HUNASAMARANAHALLI, VIA YELAHANKA,BANGALORE - 562 157",CE,COMPUTER ENGINEERING,75144,GMR,77331,GMR,112361,GMR,163533,3AG,163533,3AG,Safe
E132,"Secab Institute of Engineering & Technology, Bijapur 424, NAURASPUR, BAGALKOT ROAD, HUDCO CROSS,BIJAPUR-586101",CS,COMPUTER SCIENCE,107109,3AG,112666,3AG,225640,3AG,163546,GMR,163546,GMR,Safe
E112,"Sri Krishna Institute of Technology, Bangalore NO. 29, HESARAGHATTA MAIN ROAD,CHIMNEY HILLS, CHIKKABANAVARA POST,BANGALORE - 560090",CS,COMPUTER SCIENCE,85739,GMR,74835,GMR,100628,GMR,164109,GMR,164109,GMR,Safe
E056,"The National Institute of Engineering(SOUTH CAMPUS), Mysore(AUTONOMOUS) MANANDAVADI ROAD,MYSORE 570008",CE,COMPUTER ENGINEERING,90066,GMR,90396,GMR,134725,GMR,164201,GMR,164201,GMR,Safe
E076,"Proudadevaraya Institute of Technology, Hospet SHAH BHAVARLAL BABULAL NAHAR CAMPUS,T.B.DAM ROAD, BESIDE TSP LIMITED,HOSPET - 583225,BELLARY DISTRICT",AM,AM,107146,GMR,107146,GMR,164218,GMR,164218,GMR,164218,GMR,Safe
E127,"M S Engineering College, Bangalore NAVARATHNA AGRAHARA, SADAHALLIPOST, NEAR BIAL, BANGALORE",CE,COMPUTER ENGINEERING,232649,GMR,164555,GMR,-,-,-,-,164555,GMR,Safe
E032,"R.T.E. Soceity's Rural Engineering College, Hulkoti HULKOTI -582 205,GADAG",TT,TEXTILES TECHNOLOGY,184985,GMR,164886,GMR,-,-,-,-,164886,GMR,Safe
E128,"Sharanbasava University (Formerly Appa Institute of Engineering and Tech) SHARNBASVESHWARA INSTITUTIONS CAMPUS , KALABURAGI ( GULBARGA) -585103 , KARNATAKA",CD,COMMUNICATION DESIGN,63051,GM,59608,GM,164910,3AG,164910,3AG,164910,3AG,Safe
E077,"Vidya Vikas Institute of Engineering & Technology, Mysore #127,ALANAHALLY,ALANAHALLY POST,MYSORE-BANNUR ROAD,MYSORE",EC,EC,48704,GMR,51953,GMR,76105,GMR,164983,GMR,164983,GMR,Safe
E017,"Sri Siddhartha Institute of Technology MARALUR ,TUMKUR",RI,RI,74049,GMR,74049,GMR,86646,GMR,165909,GMR,165909,GMR,Safe
E272,"Government Engineering College, Talakal, Koppal TALAKAL,TALUKA: YALABURGA, DIST: KOPPAL, KARNATAKA, PIN 583238",EC,EC,97486,GMR,97019,3AG,166478,3AG,166478,3AG,166478,3AG,Safe
E185,"Angadi Institute of Technology and Management , Savgoan Rd., Belgaum SAVAGAON ROAD BELGAUM",AD,AD,76101,3AG,76101,3AG,166551,3AG,166551,3AG,166551,3AG,Safe
E090,"Sri Revana Siddeswara Institute of Technology, Bangalore CHOKKANAHALLI, CHIKKAJALA,BANGALORE NORTH - 562157",ME,ME,119638,GMR,166955,3AG,-,-,-,-,166955,3AG,Safe
E279,"VISVESVARAYA TECHNOLOGICAL UNIVERSITY, BELAGAVI CAMPUS, BELAGAVI JNANA SANGAMA, MACHHE, BELAGAVI",CBS,CBS,156749,3AR,156749,3AR,166956,3AG,166956,3AG,166956,3AG,Safe
E186,"ACS College of Engineering, Mysore Road, Bangalore 207,KAMBIPURA, MYSORE ROAD, KENGERI HOBLI,BANGALORE - 560074.",ME,ME,139013,GMR,137663,GMR,255440,GM,167293,GM,167293,GM,Safe
E142,"Adhichunchanagiri University (Formerly B G S Institute of Technology) B.G.NAGARA ,NAGAMANGALA TALUK,MANDYA DISTRICT -571448",RI,RI,81584,GMR,73184,GMR,167058,GMR,167767,GM,167767,GM,Safe
E090,"Sri Revana Siddeswara Institute of Technology, Bangalore CHOKKANAHALLI, CHIKKAJALA,BANGALORE NORTH - 562157",CE,COMPUTER ENGINEERING,176673,GMR,168128,GMR,-,-,-,-,168128,GMR,Safe
E194,"Government Engineering College, Karwar MAJALI VILLAGE, KARWAR TALUK, UTTARA KANNADA DIST, KARNATAKA -PIN 581345",CS,COMPUTER SCIENCE,98058,3AR,99236,3AR,162015,3AR,168198,3AG,168198,3AG,Safe
E185,"Angadi Institute of Technology and Management , Savgoan Rd., Belgaum SAVAGAON ROAD BELGAUM",CE,COMPUTER ENGINEERING,175641,GMR,168803,GMR,-,-,-,-,168803,GMR,Safe
E062,"Bapuji Institute of Engineering & Technology, Davangere (AUTONOMOUS) BAPUJI INSTITUTE OF ENGINEERING & TECHNOLOGY,P.B. NO.325,SHAMANUR ROAD,DAVANGERE-577 004",CH,CH,59365,GMR,59365,GMR,155285,3AG,168814,GM,168814,GM,Safe
E124,"Rajiv Gandhi Institute of Technology, Bangalore CHOLANGAR,R.T.NAGAR POST, HEBBAL,BANGALORE-560032",CS,COMPUTER SCIENCE,65015,GMR,69929,GMR,98973,GMR,169102,GMR,169102,GMR,Safe
E196,"Jain College of Engineering,Machche, Belgaum T.S. NAGAR,HUNCHANHATTI ROAD,MACCHE, BELGAUM- 590014.",EE,EE,89861,3AG,89861,3AG,116238,GMR,170449,GM,170449,GM,Safe
E255,"GANDHI INSTITUTE OF TECHNOLOGY AND MANAGEMENT GITAM OFF CAMPUS BENGALURU NH 207, Nagadenehalli Doddaballapur taluk. Bengaluru-561203",EC,EC,83729,GMR,84988,GMR,89215,GMR,171222,3AG,171222,3AG,Safe
E238,"Mysuru Royal Institute Of Technology,Lakshmipura road,Mysuru LAKSHMIPURA ROAD, OFF MYSURU -BENGALURU HIGHWAY,MANDYA",CE,COMPUTER ENGINEERING,206077,GMR,180263,GMR,171598,GM,171598,GM,171598,GM,Safe
E304,ANUVARTIK MIRJI BHARATESH INSTITUTE OF TECHNOLOGY BELAGAVI,AM,AM,105794,3AG,105794,3AG,154554,3AG,171912,GMR,171912,GMR,Safe
E232,"REVA University RUKMINI KNOWLEDGE PARK, KATTIGENAHALLI, YELAHANKA,BANGALORE - 560064,",CE,COMPUTER ENGINEERING,90153,3AG,99798,GMR,123117,GMR,172911,GMR,172911,GMR,Safe
E150,"P E S Institute of Technology & Management, Shimoga GUDDADAARAKERE, KOTEGANGOORSAGAR ROAD,SHIMOGA",IS,INFORMATION SCIENCE,61658,3AG,63417,GMR,100303,3AG,173179,3AG,173179,3AG,Safe
E168,"Amrutha Institute of Engineering & Management Science (AIEMS), Ramanagar BIDADI INDUSTRIAL AREA, OFF MYSORE ROAD, NEAR TOYOTA KIRLOSKAR MOTORS, BMRDA REGION, BANGALORE",CE,COMPUTER ENGINEERING,182978,GMR,173457,3AG,-,-,-,-,173457,3AG,Safe
E207,"V S M`s Somashekhar R Kothiwale Institute of Technology,Nippani, Belgaum. BASAV-VIDYA NAGAR,BELGAUM",CS,COMPUTER SCIENCE,101756,3AG,101756,3AG,141665,GMR,173688,GMR,173688,GMR,Safe
E115,"S.J B. Institute of Technology, Bangalore (AUTONOMOUS) BGS HEALTH & EDUCATION CITY,NO 67, UTTARAHALLI ROAD.KENGERI, BANGALORE -60",EE,EE,49955,3AR,65917,3AR,65917,3AR,173865,3AR,173865,3AR,Safe
E040,"Hira Sugar Institute of Technology, Nidasoshi NIDAOSHI,TALUKA: HUKERI,DISTRICT: BELGAUM",EC,EC,121470,3AG,95175,3AG,217430,3AG,174139,GMR,174139,GMR,Safe
E034,"SDM College of Engineering, Dharwad (AUTONOMOUS) DHAVALAGIRI,KALGHATGI ROAD,DHARWAD",CH,CH,125020,3AR,125020,3AR,125020,3AR,174463,3AR,174463,3AR,Safe
E136,"Moodalakatte Institute of Technology, Kundapura, Udupi MOODLAKATTE,KUNDAPURA TALUK,UDUPI DISTRICT",AM,AM,109177,3AG,109177,3AG,133364,3AG,174485,GMR,174485,GMR,Safe
E264,"BASAV ENGINEERING SCHOOL OF TECHNOLOGY, VIJAYAPURA",CS,COMPUTER SCIENCE,112666,3AG,125842,3AG,144531,GMR,174501,GM,174501,GM,Safe
E254,"A J Institute Of Engineering And Technology.Kottar chowki Boloor Village Mangalore KOTTARA CHOWKI BOLOOR VILLAGE,DAKSHINA KANNADA",IS,INFORMATION SCIENCE,101677,3AG,100679,3AG,165991,GMR,174581,GM,174581,GM,Safe
E265,"Jain College of Engineering and Technology,Hubballi 404/4, 404/5, SAI NAGAR, UNKAL, HUBLI",EC,EC,79439,3AG,64966,3AG,93156,3AG,174874,3AG,174874,3AG,Safe
E100,"K N S Institute of Technology, Bangalore THIRUMENAHALLI, HEGGADENAGAR-KOGILU ROAD, YELAHANKA, BANGALORE-560064",CE,COMPUTER ENGINEERING,182593,GMR,155122,GMR,175048,GM,-,-,175048,GM,Safe
E123,"Canara Engineering College Bantwal, BENJANAPADAVU,BANTWAL,PIN 574219,DAKSHINA KANNADA DIST,",ME,ME,175126,GMR,175126,GMR,175126,GM,-,-,175126,GM,Safe
E172,"R.R. Institute of Technology, Chikkabanavara, Bangalore(AUTONOMOUS) NO. 67, RAJA REDDY LAYOUT,NEAR CHIKKABANAVARA RAILWAY STATION,CHIKKABANAVARA,BANGALORE - 560090",EC,EC,77739,GMR,84370,GMR,115212,GMR,175231,3AG,175231,3AG,Safe
E081,"SRI SIDDHARTHA SCHOOL OF ENGINEERING, TUMKUR NH-4, KESARAMADU POST, KYATHASANDRA,TUMKUR",AM,AM,52673,3AG,60844,GMR,78936,GMR,176026,3AG,176026,3AG,Safe
E031,"B V V Sangha`s Basaveshwara Engineering College , Bagalkote (AUTONOMOUS) NIJALINGAPPA ROAD,BAGALKOT 587102",CE,COMPUTER ENGINEERING,124691,3AG,139075,3AG,163485,GMR,176405,GMR,176405,GMR,Safe
E121,"Vivekananada College of Engineering Technology, Puttur NEHARU NAGARA,PUTTUR TALUK,DAKSHINA KANNADA",EC,EC,85820,3AR,83064,3AR,176202,3AR,176673,GM,176673,GM,Safe
E128,"Sharanbasava University (Formerly Appa Institute of Engineering and Tech) SHARNBASVESHWARA INSTITUTIONS CAMPUS , KALABURAGI ( GULBARGA) -585103 , KARNATAKA",EE,EE,109486,GMR,123517,GMR,176820,GMR,176820,GMR,176820,GMR,Safe
E184,"C Byre Gowda Institute of Technology, Thoradevandahalli Village, Kolar SRINIVASPURA ROAD, THORADEVANDAHALLI, KOLAR-563101",IS,INFORMATION SCIENCE,139050,3AR,133981,3AR,201865,GM,177200,GM,177200,GM,Safe
E207,"V S M`s Somashekhar R Kothiwale Institute of Technology,Nippani, Belgaum. BASAV-VIDYA NAGAR,BELGAUM",ME,ME,166591,GMR,149008,GMR,177704,GM,-,-,177704,GM,Safe
E087,"Vivekananada Institute of Technology, Kengeri, Bangalore GUDIMAVU VILLAGE ,KENGERI(HOBLI)NEAR KUMBALAGODU,BANGALORE",CS,COMPUTER SCIENCE,63174,GMR,64949,GMR,93926,3AR,178189,3AR,178189,3AR,Safe
E197,"Veerappa Nisty Engineering College, Shorapur, Yadigir POST:HASNAPUR, TQ:SHORAPUR, DIST: YADGIR",EC,EC,143199,GMR,132003,GMR,178941,GM,178941,GM,178941,GM,Safe
E221,"Biluru Gurubasava Mahaswamiji Institute of Technology,Mudhol,Bagalkote. MANTUR ROAD, MUDHOL,BAGALKOTE",ME,ME,191081,GMR,179073,GMR,-,-,-,-,179073,GMR,Safe
E127,"M S Engineering College, Bangalore NAVARATHNA AGRAHARA, SADAHALLIPOST, NEAR BIAL, BANGALORE",ME,ME,200791,GMR,179316,GMR,-,-,-,-,179316,GMR,Safe
E240,"Dayananda Sagar University DEVARAKAGGALAHALLI VILLAGE, HAROHALLI, KANAKAPURA MAIN ROAD, RAMANAGAR DIST",ME,ME,92918,3AR,90417,3AR,132298,3AR,179647,3AG,179647,3AG,Safe
E136,"Moodalakatte Institute of Technology, Kundapura, Udupi MOODLAKATTE,KUNDAPURA TALUK,UDUPI DISTRICT",CS,COMPUTER SCIENCE,104828,3AG,113222,3AG,155471,3AG,179796,GMR,179796,GMR,Safe
E142,"Adhichunchanagiri University (Formerly B G S Institute of Technology) B.G.NAGARA ,NAGAMANGALA TALUK,MANDYA DISTRICT -571448",CE,COMPUTER ENGINEERING,207627,3AG,180532,GMR,-,-,-,-,180532,GMR,Safe
E086,"Sri Sairam College Of Engineering, Anekal, Bangalore SAI LEO NAGAR",ME,ME,171798,GMR,141187,GMR,251286,GM,180986,GM,180986,GM,Safe
E121,"Vivekananada College of Engineering Technology, Puttur NEHARU NAGARA,PUTTUR TALUK,DAKSHINA KANNADA",CE,COMPUTER ENGINEERING,191134,GMR,181361,GMR,-,-,-,-,181361,GMR,Safe
E121,"Vivekananada College of Engineering Technology, Puttur NEHARU NAGARA,PUTTUR TALUK,DAKSHINA KANNADA",AM,AM,71992,GMR,76580,3AG,83064,GMR,181376,3AG,181376,3AG,Safe
E202,"Sampoorna Group of Institutions, Channapatana, Ramanagara District BELEKERE, MALLUR HOBLI, CHANNAPATNA TALUK, RAMANAGAR,DISTRICT",EE,EE,159877,3AR,171784,3AR,183100,GM,-,-,183100,GM,Safe
E199,"AGM Rural Engineering College, Varur, Hubli NH-4, P.B. ROAD OPP VRL HEAD OFFICE VARUR.,DHARWAD",AM,AM,92760,3AG,92760,3AG,219308,3AG,183126,GMR,183126,GMR,Safe
E232,"REVA University RUKMINI KNOWLEDGE PARK, KATTIGENAHALLI, YELAHANKA,BANGALORE - 560064,",AG,AG,48310,GMR,47009,GMR,72864,GMR,183217,GMR,183217,GMR,Safe
E237,"PRESIDENCY University ITGALPURA, RAJANUKUNTE, YELAHANKA, BENGALURU - 560 064",ME,ME,102354,GMR,92041,GMR,126416,3AG,183481,GMR,183481,GMR,Safe
E063,"S J M Institute of Technology, Chitradurga P B NO 73, NH -4 BYE PASS, CHITRADURGA",CS,COMPUTER SCIENCE,95226,3AG,75300,GMR,109099,3AG,183584,3AG,183584,3AG,Safe
E132,"Secab Institute of Engineering & Technology, Bijapur 424, NAURASPUR, BAGALKOT ROAD, HUDCO CROSS,BIJAPUR-586101",AM,AM,96335,3AG,96335,3AG,188803,3AG,183788,GMR,183788,GMR,Safe
E011,"M V J College of Engineering, Bangalore(AUTONOMOUS) NEAR ITPB,CHANNASANDRA,KADUGODI POST,BANGALORE",CH,CH,65457,3AR,75144,3AR,142482,3AR,184050,3AR,184050,3AR,Safe
E123,"Canara Engineering College Bantwal, BENJANAPADAVU,BANTWAL,PIN 574219,DAKSHINA KANNADA DIST,",CD,COMMUNICATION DESIGN,107026,3AR,107026,3AR,169636,GM,184150,GM,184150,GM,Safe
E255,"GANDHI INSTITUTE OF TECHNOLOGY AND MANAGEMENT GITAM OFF CAMPUS BENGALURU NH 207, Nagadenehalli Doddaballapur taluk. Bengaluru-561203",VL,VL,103924,GMR,103924,GMR,139071,GMR,184160,GM,184160,GM,Safe
E186,"ACS College of Engineering, Mysore Road, Bangalore 207,KAMBIPURA, MYSORE ROAD, KENGERI HOBLI,BANGALORE - 560074.",DS,DATA SCIENCES,81789,GMR,74320,GMR,98155,GMR,184950,GMR,184950,GMR,Safe
E018,"Kalpatharu Institute of Technology, Tiptur B.H.ROAD,HASSAN CIRCLE,TIPTUR-572202",IS,INFORMATION SCIENCE,88634,GMR,88634,GMR,140572,3AG,185093,GM,185093,GM,Safe
E302,"AMITY UNIVERSITY National Highway 648 (old 207), Devanahalli - Doddaballapur Road",VL,VL,108154,GMR,108154,GMR,135436,GMR,185256,3AG,185256,3AG,Safe
E043,"Gurunanak Dev Engineering College, Bidar MAILOOR ROAD,BIDAR 585403",AM,AM,92010,3AG,91072,3AG,107955,3AG,185945,3AG,185945,3AG,Safe
E120,"Jnanavikasa Institute of Technology, Bidadi,Ramanagar VIDYA SOUDHA, 32ND K.M.BANGALORE - MYSORE HIGH WAY,",ME,ME,226753,GMR,186103,GMR,-,-,-,-,186103,GMR,Safe
E291,"Government Engineering College,Naragund,Gadag",EC,EC,118694,3AR,127301,3AR,260208,3AG,186966,GMR,186966,GMR,Safe
E263,"School of Planning and Architchure, University of Mysore 2nd Floor, Senate Bhavan, Manasagangotri P.O., Mysore",PL2,PL2,181512,GMR,-,-,250812,GM,187039,GM,187039,GM,Safe
E204,"Bangalore Technological Institute, Sarjapura Road, Bangalore SY NO.66/6,66/5,67/6,&67/5, KODATHI VILLAGE, VARTHOOR HOBLI,BANGALORE EAST TQ BANGALORE URBAN",ME,ME,215890,3AR,196322,3AR,245246,GM,188484,GM,188484,GM,Safe
E203,"K S School of Engineering & Management, Mallasandra, Bangalore #15/1, MALLASANDRA, OFF KANAKAPURA ROAD, BANGALORE - 560062",CBS,CBS,97341,GMR,90798,GMR,133891,GMR,188506,3AG,188506,3AG,Safe
E300,"AKASH INTITUTE OF ENGINEERING AND TECHNOLOGY PRASANNAHALLI MAIN RAOD, AKKUPETE VILLAGE, KASABA HOBLI",ME,ME,185267,GMR,188755,GMR,-,-,-,-,188755,GMR,Safe
E127,"M S Engineering College, Bangalore NAVARATHNA AGRAHARA, SADAHALLIPOST, NEAR BIAL, BANGALORE",DS,DATA SCIENCES,94776,3AR,96950,3AR,207004,3AR,188847,GM,188847,GM,Safe
E211,"Jain Institute of Technology, Davanagere 323, BADA CROSS NEAR BLIND SCHOOL AVARAGERE DAVANGERE",ME,ME,189386,3AG,189386,3AG,-,-,-,-,189386,3AG,Safe
E201,"Gopalan College of Engineering & Management, K.R. Puram, Bangalore SONNENAHALLI, HOODI VILLAGE, ITPL ROAD,BANGALORE",IS,INFORMATION SCIENCE,87563,3AG,84006,GMR,117002,GMR,189441,GM,189441,GM,Safe
E079,"Acharya Institute of Technology, Soldevanahalli,Chikkabanavara post, Bangalore SOLDEVANAHALLI, HESARAGHATTA MAIN ROAD, CHIKKABANAVARA POST,BANGALORE URBAN",MC,MC,74814,3AR,74814,3AR,104792,3AR,189471,GM,189471,GM,Safe
E252,"Mysore College Of Engineering and Management,Mysore CHIKAHALLI, VARUNA HOBALI, NEAR BIG BANYAN TREE, TN ROAD,MYSORE",CE,COMPUTER ENGINEERING,205074,3AR,205074,3AR,214766,GM,189725,GM,189725,GM,Safe
E287,"Vidyashilp University #125, Bettenahalli, Kundana Hobli, Chapparkallu Rd, Bengaluru, Karnataka 562110",DS,DATA SCIENCES,87488,GMR,74271,GMR,87488,GMR,189768,GMR,189768,GMR,Safe
E205,"ATME College of Engineering, Mysore SY.NO.1002, HAROHALLI (MELLAHALLI),MYSORE",EC,EC,76509,GMR,73163,GMR,112496,GMR,190013,3AG,190013,3AG,Safe
E288,"Garden City University 16th KM, Old Madras Road (Near K R Puram), Bangalore, Karnataka, 560049.",IOTCS,IOTCS,110487,GMR,95386,GMR,122577,GMR,190192,3AG,190192,3AG,Safe
E093,"Basavakalyana Engineering College, Basavakalyana, Bidar District N.H.9 ,BASAVAKALYAN-585327,DIST. BIDAR",ME,ME,194031,GM,190555,GM,-,-,-,-,190555,GM,Safe
E139,"Impact College of Engineering & Applied Sciences, Bangalore KODIGEHALLI,SAHAKARANAGAR SOUTH BANGALORE",DS,DATA SCIENCES,113621,3AR,97341,3AR,186355,3AR,190573,GM,190573,GM,Safe
E070,"Bahubali College of Engineering, Shravanabelagola, Hassan GOMMATANAGARA,SHRAVANABELAGOLA - 573135 HASSAN",ME,ME,190749,GMR,190749,GMR,-,-,-,-,190749,GMR,Safe
E149,"Cambridge Institutute of Technology, K.R.Puram, Bangalore(AUTONOMOUS) K R PURAM,BANGALORE",ME,ME,102276,GMR,110019,GMR,256570,GMR,190856,GM,190856,GM,Safe
E033,"Sri Taralabalu Jagadguru Institute of Technology, Ranebennur P B ROAD (NH4),RANEBENNUR-581 115,HAVERI DISTRICT",EE,EE,131376,GMR,119242,GMR,257795,GM,191509,GM,191509,GM,Safe
E014,"S J C Institute of Technology, Chickkaballapur(AUTONOMOUS) P B NO. 20, B B ROAD, CHICKBALLAPUR, CHICKBALLAPUR (DISTRICT)",AN,AN,44409,GMR,55920,GMR,68898,GMR,192158,GMR,192158,GMR,Safe
E058,"P E S College of Engineering, Mandya(AUTONOMOUS) MANDYA: 571 401",VL,VL,55036,3AG,52887,GMR,93513,GMR,192247,GMR,192247,GMR,Safe
E113,"Sambhram Institute of Technology, Bangalore AMBABHAVANI TEMPLE ROAD,M.S.PALYA, JALAHALLI EAST,VIDYARANYAPURA POST,BANGALORE",IS,INFORMATION SCIENCE,91451,GMR,84374,GMR,117522,GMR,192318,3AG,192318,3AG,Safe
E046,"H K E's Society's Sir M Visvesvaraya College of Engineering, Raichur YERAMARUS CAMP,RAICHUR-584 135,",CS,COMPUTER SCIENCE,81840,GMR,81840,GMR,192806,3AG,192806,3AG,192806,3AG,Safe
E197,"Veerappa Nisty Engineering College, Shorapur, Yadigir POST:HASNAPUR, TQ:SHORAPUR, DIST: YADGIR",ME,ME,260208,GMR,193656,GM,-,-,-,-,193656,GM,Safe
E142,"Adhichunchanagiri University (Formerly B G S Institute of Technology) B.G.NAGARA ,NAGAMANGALA TALUK,MANDYA DISTRICT -571448",IS,INFORMATION SCIENCE,73410,GMR,69568,3AG,96729,GMR,193710,GM,193710,GM,Safe
E071,"Vidya Vardhaka College of Engineering, Mysore(AUTONOMOUS) P.B.NO.206,GOKULAM 3RD STAGE,MYSORE",ME,ME,81498,GMR,79457,GMR,103121,GMR,193735,GMR,193735,GMR,Safe
E064,"Adhichunchanagiri Institute of Technology, Chickamagalur ADICHUNCHANAGIRI EXTENTION,JYOTHINAGAR,CHIKMAGALUR - 577102",EE,EE,102009,3AG,107415,GMR,257145,GM,193987,GM,193987,GM,Safe
E055,"P A College of Engineering, Kairangal, Bantwala Tq,. Mangalore NADUPADAV, NEAR MANGALORE UNIVERSITY,MONTEPADAV POST, KAIRANGALA VILLAGE,BANTWAL-MANGALORE",ME,ME,165830,GMR,153446,GMR,248102,GM,194331,GM,194331,GM,Safe
E304,ANUVARTIK MIRJI BHARATESH INSTITUTE OF TECHNOLOGY BELAGAVI,CS,COMPUTER SCIENCE,126468,3AG,126275,3AG,176430,3AR,194351,GMR,194351,GMR,Safe
E167,"K L E S's K L E College of Engineering & Technology, Chikkodi, Belgaum Dist. BANANTIKODI ROAD CHIKODI,BELGAUM -591 201,",AD,AD,76461,3AR,60005,3AR,195000,3AR,195000,3AR,195000,3AR,Safe
E059,"P D A College of Engineering, Gulbarga(AUTONOMOUS) AIWAN-E-SHAHI AREA,STATION ROAD,GULBARGA-585102",PE,PRODUCTION ENGINEERING,261789,3AG,225107,3AG,195251,GM,-,-,195251,GM,Safe
E289,"Visvesvaraya Technological University,VTU,CPGS,Kalburgi.",EC,EC,121520,3AG,95614,GMR,114222,3AG,196056,3AG,196056,3AG,Safe
E018,"Kalpatharu Institute of Technology, Tiptur B.H.ROAD,HASSAN CIRCLE,TIPTUR-572202",ME,ME,162945,3AG,162305,3AG,257069,GM,196215,GM,196215,GM,Safe
E124,"Rajiv Gandhi Institute of Technology, Bangalore CHOLANGAR,R.T.NAGAR POST, HEBBAL,BANGALORE-560032",IS,INFORMATION SCIENCE,90287,GMR,91371,GMR,118322,GMR,196230,GM,196230,GM,Safe
E066,"University B.D.T. college of Engineering, (H.GOV),Davangere",EE,EE,100649,GMR,101771,GMR,196358,3AG,196358,3AG,196358,3AG,Safe
E227,"Cauvery institute of Technology, Koppalu gate, Sundahally, Mandya SUNDAHALLI, SIDDAIAHNA KOPPALU GATE, YELIHUR POST, KOTHATHI HOBLI, MANDYA",CE,COMPUTER ENGINEERING,180532,3AG,196837,GMR,-,-,-,-,196837,GMR,Safe
E139,"Impact College of Engineering & Applied Sciences, Bangalore KODIGEHALLI,SAHAKARANAGAR SOUTH BANGALORE",EC,EC,89652,GMR,94767,GMR,149149,GMR,196948,GM,196948,GM,Safe
E193,Srinivas University SRINIVAS CAMPUS MUKKA MANGALURU,CE,COMPUTER ENGINEERING,260755,3AG,182202,3AG,197320,GM,197320,GM,197320,GM,Safe
E292,"Government Engineering College,Mailur,Bidar",EC,EC,105407,3AG,102944,3AG,197649,3AG,197649,3AG,197649,3AG,Safe
E124,"Rajiv Gandhi Institute of Technology, Bangalore CHOLANGAR,R.T.NAGAR POST, HEBBAL,BANGALORE-560032",EE,EE,108452,3AG,98468,GMR,196721,GMR,198229,GM,198229,GM,Safe
E081,"SRI SIDDHARTHA SCHOOL OF ENGINEERING, TUMKUR NH-4, KESARAMADU POST, KYATHASANDRA,TUMKUR",ME,ME,234468,GMR,198441,GMR,-,-,-,-,198441,GMR,Safe
E093,"Basavakalyana Engineering College, Basavakalyana, Bidar District N.H.9 ,BASAVAKALYAN-585327,DIST. BIDAR",CE,COMPUTER ENGINEERING,170273,GMR,231848,GMR,198478,GM,198478,GM,198478,GM,Safe
E092,"Vemana Institute of Technology, Bangalore #1, MAHAYOGI VEMANA ROAD, 3RD BLOCK, KORMANGALA, BANGALORE -560034.",ME,ME,163787,GMR,146452,GMR,255648,GM,198654,GM,198654,GM,Safe
E177,"Rajeev Institute of Technology, Hassan PLOT 1-D(P-1), GROWTH CENTRE, INDUSTRIAL AREA, BANGALORE MANGALORE BYPASS ROAD",IS,INFORMATION SCIENCE,104463,GMR,92189,GMR,174271,GMR,199138,GM,199138,GM,Safe
E059,"P D A College of Engineering, Gulbarga(AUTONOMOUS) AIWAN-E-SHAHI AREA,STATION ROAD,GULBARGA-585102",CM,CM,140501,GM,143710,GM,249271,GM,199318,GM,199318,GM,Safe
E059,"P D A College of Engineering, Gulbarga(AUTONOMOUS) AIWAN-E-SHAHI AREA,STATION ROAD,GULBARGA-585102",EI,EI,136578,3AG,260847,3AG,209663,GM,199604,GM,199604,GM,Safe
E184,"C Byre Gowda Institute of Technology, Thoradevandahalli Village, Kolar SRINIVASPURA ROAD, THORADEVANDAHALLI, KOLAR-563101",CE,COMPUTER ENGINEERING,225970,GMR,204563,GMR,199639,GM,-,-,199639,GM,Safe
E013,"Ghousia Engineering College, Ramanagara BANGALORE - MYSORE ROAD,RAMANAGARA",IS,INFORMATION SCIENCE,84398,GMR,86365,3AG,158667,GMR,199870,GM,199870,GM,Safe
E085,"APS College of Engineering, Somanahalli, Bangalore 26 KM KANAKAPURA ROAD BANGALORE 82,BANGALORE URBAN",CY,CY,61394,GMR,70727,3AG,112273,GMR,200062,3AG,200062,3AG,Safe
E207,"V S M`s Somashekhar R Kothiwale Institute of Technology,Nippani, Belgaum. BASAV-VIDYA NAGAR,BELGAUM",CE,COMPUTER ENGINEERING,200079,GMR,200079,GMR,-,-,-,-,200079,GMR,Safe
E174,"Dr. Sri Sri Sri Shivakumara Mahaswamyji College of Engineering, Byranayakanahalli, Bangalore Rural BYARANAYAKANAHALLI,DODDABALE POST,NELAMANGALA TALUK,BANGALORE RURAL DISTRICT",CE,COMPUTER ENGINEERING,251589,GMR,200097,GMR,-,-,-,-,200097,GMR,Safe
E278,"VISVESVARAYA TECHNOLOGICAL UNIVERSITY, BELAGAVI, VIAT, MUDDENAHALLI CAMPUS, CHIKKABALLAPUR Muddenahalli campus,Chickkaballapur",CS,COMPUTER SCIENCE,96371,3AR,93087,3AR,124748,3AR,200337,3AG,200337,3AG,Safe
E185,"Angadi Institute of Technology and Management , Savgoan Rd., Belgaum SAVAGAON ROAD BELGAUM",RA,RA,102049,GMR,142546,GMR,194195,GM,200428,GM,200428,GM,Safe
E227,"Cauvery institute of Technology, Koppalu gate, Sundahally, Mandya SUNDAHALLI, SIDDAIAHNA KOPPALU GATE, YELIHUR POST, KOTHATHI HOBLI, MANDYA",IS,INFORMATION SCIENCE,124664,GMR,112745,GMR,262058,GM,200546,GM,200546,GM,Safe
E306,"THE CHANAKYA UNIVERSITY NO 29 HARALURU, DEVANAHALLI TALUK (NEAR BENGALURU INTERNATIONLA AIRPORT)",CE,COMPUTER ENGINEERING,158350,GMR,160158,GMR,244438,GM,201068,GM,201068,GM,Safe
E127,"M S Engineering College, Bangalore NAVARATHNA AGRAHARA, SADAHALLIPOST, NEAR BIAL, BANGALORE",CY,CY,103904,GMR,93450,GMR,183089,3AG,201146,GM,201146,GM,Safe
E177,"Rajeev Institute of Technology, Hassan PLOT 1-D(P-1), GROWTH CENTRE, INDUSTRIAL AREA, BANGALORE MANGALORE BYPASS ROAD",EC,EC,107795,GMR,107795,GMR,234541,GM,201699,GM,201699,GM,Safe
E078,"The Oxford College of Engineering, Bangalore HOSUR ROAD,BOMMANAHALLI,BANGALORE",BT,BIO-TECHNOLOGY,52829,3AR,54616,3AR,84477,3AR,201850,3AG,201850,3AG,Safe
E311,"RATHINAM INSTITUTE OF TECHNOLOGY DODDAKAMMANAHALLY VILLAGE, BEGUR HOBLI,",CY,CY,132439,GMR,126627,GMR,218513,GM,201889,GM,201889,GM,Safe
E106,"East West Institute Of Technology,Bangalore(AUTONOMOUS) SY. NO.63, OFF MAGADI MAIN ROAD, VISHWANEEDAM POST,BANGALORE",EC,EC,67811,GMR,66296,GMR,97856,GMR,201933,GMR,201933,GMR,Safe
E174,"Dr. Sri Sri Sri Shivakumara Mahaswamyji College of Engineering, Byranayakanahalli, Bangalore Rural BYARANAYAKANAHALLI,DODDABALE POST,NELAMANGALA TALUK,BANGALORE RURAL DISTRICT",ME,ME,244269,GMR,202101,GMR,-,-,-,-,202101,GMR,Safe
E169,"Alva's Institute of Engineering & Technology, Moodabidre, D.K (AUTONOMOUS) SHOBHAVANA CAMPUS,MIJAR,MOODBIDRI - 574225,MANGALORE TALUK,DHAKSHINA KANNADA",CD,COMMUNICATION DESIGN,97334,GMR,99797,GMR,170200,3AG,202247,GM,202247,GM,Safe
E279,"VISVESVARAYA TECHNOLOGICAL UNIVERSITY, BELAGAVI CAMPUS, BELAGAVI JNANA SANGAMA, MACHHE, BELAGAVI",VL,VL,111470,3AG,105313,GMR,140401,GMR,202350,3AG,202350,3AG,Safe
E269,"Jain College Of Engineering and Research, Belgaum SHREYAS CTS 1598 ADAJCENT TO TO FOUNDRY CLUSTER NEAR DUTCH INDUSTRIAL ESTATE CHANNAMMA NAGAR ANAGOL BELGAVI",CE,COMPUTER ENGINEERING,162039,GMR,169858,GMR,202382,GM,202382,GM,202382,GM,Safe
E173,"Sai Vidya Institute of Technology, Rajanakunte, Bangalore RAJANUKUNTE,DODDBALLAPURA ROAD ,VIA: YELAHANKA,BANGALORE",ME,ME,137721,GMR,137721,GMR,202532,GM,-,-,202532,GM,Safe
E255,"GANDHI INSTITUTE OF TECHNOLOGY AND MANAGEMENT GITAM OFF CAMPUS BENGALURU NH 207, Nagadenehalli Doddaballapur taluk. Bengaluru-561203",EE,EE,100034,GMR,100034,GMR,135492,GMR,202554,GM,202554,GM,Safe
E209,"Jyothi Institute of Technology, Kanakapura Road,Bangalore ,BANGALORE",ME,ME,170112,GMR,160358,GMR,203448,GM,203448,GM,203448,GM,Safe
E305,DR H N NATIONAL COLLEGE OF ENGINEERING BENGALURU,EC,EC,107178,3AR,86850,3AR,158368,3AR,203490,GMR,203490,GMR,Safe
E222,"Cambridge Institute Of Technology, North Campus, Devanahalli, Bangalore SURVEY NO. 73, LINGADHEERA GOLLAHALLI, KUNDANA POST, DEVANAHALLI TALUK",EC,EC,66576,GMR,63780,GMR,83893,GMR,203851,GMR,203851,GMR,Safe
E076,"Proudadevaraya Institute of Technology, Hospet SHAH BHAVARLAL BABULAL NAHAR CAMPUS,T.B.DAM ROAD, BESIDE TSP LIMITED,HOSPET - 583225,BELLARY DISTRICT",CS,COMPUTER SCIENCE,109480,3AG,104749,3AG,146539,3AG,203894,3AG,203894,3AG,Safe
E121,"Vivekananada College of Engineering Technology, Puttur NEHARU NAGARA,PUTTUR TALUK,DAKSHINA KANNADA",DS,DATA SCIENCES,96655,3AG,78136,3AG,129834,3AG,203905,GM,203905,GM,Safe
E314,"CAUVERY COLLEGE OF ENGINEERING KBL LAYOUT, ALANAHALLY MYSORE",IS,INFORMATION SCIENCE,150897,GMR,127347,GMR,218938,GM,204547,GM,204547,GM,Safe
E175,"S.S.E.T.S.S.G.Balekundri Institute of Technology, Shivabasavanagar, Belgaum SHIVABASAVA NAGAR, BELGAUM - 590010",ME,ME,230644,3AG,198299,3AG,261280,GM,204912,GM,204912,GM,Safe
E311,"RATHINAM INSTITUTE OF TECHNOLOGY DODDAKAMMANAHALLY VILLAGE, BEGUR HOBLI,",EC,EC,150800,GMR,143866,GMR,258891,GM,205242,GM,205242,GM,Safe
E032,"R.T.E. Soceity's Rural Engineering College, Hulkoti HULKOTI -582 205,GADAG",AM,AM,76441,GMR,81278,GMR,104849,GMR,205817,GMR,205817,GMR,Safe
E313,"HARSHA INSTITUTE OF TECHNOLOGY VARADANAYAKANA HALLY VILLAGE, NELAMANGALA TALUK,",EC,EC,158368,GMR,126694,GMR,249689,GM,206337,GM,206337,GM,Safe
E222,"Cambridge Institute Of Technology, North Campus, Devanahalli, Bangalore SURVEY NO. 73, LINGADHEERA GOLLAHALLI, KUNDANA POST, DEVANAHALLI TALUK",CY,CY,65815,3AR,65815,3AR,83805,3AR,206411,GMR,206411,GMR,Safe
E132,"Secab Institute of Engineering & Technology, Bijapur 424, NAURASPUR, BAGALKOT ROAD, HUDCO CROSS,BIJAPUR-586101",EC,EC,118089,GMR,108724,GMR,129919,GMR,206779,GM,206779,GM,Safe
E021,"Sri Jayachamarajendra College of Engineering(Constituent College of JSS Science & Technology University), Mysore JSS TECHNICAL INSTITUTIONS CAMPUS,MANASAGANGOTHRI PO,MYSORE",EN,EN,84966,3AR,97672,3AR,188611,3AR,207028,3AR,207028,3AR,Safe
E028,"Tontadarya College of Engineering, Gadag MUNDARAGI ROAD ,GADAG - 582101",CE,COMPUTER ENGINEERING,149700,GMR,168315,GMR,249916,GM,207175,GM,207175,GM,Safe
E202,"Sampoorna Group of Institutions, Channapatana, Ramanagara District BELEKERE, MALLUR HOBLI, CHANNAPATNA TALUK, RAMANAGAR,DISTRICT",ME,ME,249684,GMR,207369,GMR,-,-,-,-,207369,GMR,Safe
E106,"East West Institute Of Technology,Bangalore(AUTONOMOUS) SY. NO.63, OFF MAGADI MAIN ROAD, VISHWANEEDAM POST,BANGALORE",EE,EE,84590,GMR,84590,GMR,130948,GMR,207381,GM,207381,GM,Safe
E159,"Karavali Institute of Technology, Neermarga, Mangalore PADU POST, VIA PEDUMALE,NEERUMARGA,MANGALORE -575029",ME,ME,208814,GMR,208814,GMR,207526,GM,-,-,207526,GM,Safe
E034,"SDM College of Engineering, Dharwad (AUTONOMOUS) DHAVALAGIRI,KALGHATGI ROAD,DHARWAD",ME,ME,114827,3AG,118420,3AG,171247,GMR,207624,GMR,207624,GMR,Safe
E119,"K C T Engineering College, Gulbarga KCT CAMPUS",ME,ME,208258,GM,208258,GM,-,-,-,-,208258,GM,Safe
E147,"T.John Institute of technology, Bangalore #86/1, KAMMANAHALLI,GOTTIGERE,BANNERUGATTA ROAD,BANGALORE",DS,DATA SCIENCES,100192,GMR,99111,GMR,154199,GMR,208459,GM,208459,GM,Safe
E269,"Jain College Of Engineering and Research, Belgaum SHREYAS CTS 1598 ADAJCENT TO TO FOUNDRY CLUSTER NEAR DUTCH INDUSTRIAL ESTATE CHANNAMMA NAGAR ANAGOL BELGAVI",EC,EC,71392,3AG,69813,3AG,190534,3AG,208732,3AG,208732,3AG,Safe
E018,"Kalpatharu Institute of Technology, Tiptur B.H.ROAD,HASSAN CIRCLE,TIPTUR-572202",CE,COMPUTER ENGINEERING,178715,3AG,174142,GMR,209390,GM,209390,GM,209390,GM,Safe
E047,"Malnad College of Engineering, Hassan(AUTONOMOUS) P.B. NO. 21, SALAGAME ROAD,HASSSAN",EE,EE,70767,GMR,73591,GMR,98311,GMR,209427,3AG,209427,3AG,Safe
E134,"Smt. Kamala & Sri Venkappa M.Agadi College of Engineering & Technology, Gadag SAVANUR ROAD, GULAGANJIKOPPA,LAXMESHWAR DIST: GADAG",IS,INFORMATION SCIENCE,104112,GMR,101815,3AG,203333,3AG,209507,GM,209507,GM,Safe
E139,"Impact College of Engineering & Applied Sciences, Bangalore KODIGEHALLI,SAHAKARANAGAR SOUTH BANGALORE",ME,ME,165688,GMR,165688,GMR,209734,GM,-,-,209734,GM,Safe
E201,"Gopalan College of Engineering & Management, K.R. Puram, Bangalore SONNENAHALLI, HOODI VILLAGE, ITPL ROAD,BANGALORE",AN,AN,78349,3AR,84477,3AR,156095,3AR,209795,GM,209795,GM,Safe
E064,"Adhichunchanagiri Institute of Technology, Chickamagalur ADICHUNCHANAGIRI EXTENTION,JYOTHINAGAR,CHIKMAGALUR - 577102",RI,RI,75552,3AR,84464,3AR,207761,3AR,210140,GM,210140,GM,Safe
E220,"ALLIANCE University Central Campus, Chikkahadage Cross Chandapura-Anekal, Main Road, Bengaluru, Karnataka 562106",PE,PRODUCTION ENGINEERING,221670,3AR,214324,3AR,210165,GM,210165,GM,210165,GM,Safe
E101,"Channabasaveshwara Institute of Technology, Gubbi Herur, Tumkur NH 206 (BH ROAD), GUBBI, TUMKUR. KARNATAKA",IS,INFORMATION SCIENCE,77734,GMR,72430,GMR,86963,GMR,210515,3AG,210515,3AG,Safe
E095,"AMC Engineering College, Bannerghatta Road, Bangalore(AUTONOMOUS) 18KM,BANNERAGHATTA ROAD,KALKERE,BANGALORE-560083,BANGALORE URBAN",CE,COMPUTER ENGINEERING,107900,3AR,107900,3AR,187530,GM,210555,GM,210555,GM,Safe
E139,"Impact College of Engineering & Applied Sciences, Bangalore KODIGEHALLI,SAHAKARANAGAR SOUTH BANGALORE",CY,CY,90072,3AG,85411,GMR,159975,GMR,210629,GM,210629,GM,Safe
E015,"Dr.T.Thimmaiah Institute of Technology, KGF 00RGAUM POST,KOLAR GOLD FIELDS - 563 120",AM,AM,86032,3AG,90469,GMR,178417,GMR,210773,GMR,210773,GMR,Safe
E312,"NEW EBENEZER INSTITUTE OF TECHNOLOGY HENNUR BAGALUR MAIN ROAD, KOTHNUR POST,",IS,INFORMATION SCIENCE,160074,3AG,132736,GMR,217688,GM,210774,GM,210774,GM,Safe
E303,"GM University KARUR VILLAGE, KASABA HOBLI, DAVANGERE TALUK AND DISTRICT",BT,BIO-TECHNOLOGY,67912,3AR,67912,3AR,178830,3AG,210997,GM,210997,GM,Safe
E134,"Smt. Kamala & Sri Venkappa M.Agadi College of Engineering & Technology, Gadag SAVANUR ROAD, GULAGANJIKOPPA,LAXMESHWAR DIST: GADAG",CE,COMPUTER ENGINEERING,168320,GMR,181988,GMR,211038,GM,-,-,211038,GM,Safe
E202,"Sampoorna Group of Institutions, Channapatana, Ramanagara District BELEKERE, MALLUR HOBLI, CHANNAPATNA TALUK, RAMANAGAR,DISTRICT",AM,AM,124910,GMR,116238,GMR,255491,GM,211550,GM,211550,GM,Safe
E199,"AGM Rural Engineering College, Varur, Hubli NH-4, P.B. ROAD OPP VRL HEAD OFFICE VARUR.,DHARWAD",CD,COMMUNICATION DESIGN,160288,3AG,123813,3AG,183279,GMR,211557,GM,211557,GM,Safe
E057,"JSS Science and Technology University JSS TECHNICAL INSTITUTIONS CAMPUS, MANASAGANGOTHRI, MYSURU 570006",CE,COMPUTER ENGINEERING,92954,GMR,70858,GMR,137848,GMR,211864,GM,211864,GM,Safe
E081,"SRI SIDDHARTHA SCHOOL OF ENGINEERING, TUMKUR NH-4, KESARAMADU POST, KYATHASANDRA,TUMKUR",CE,COMPUTER ENGINEERING,159220,GMR,159220,GMR,232430,GM,211937,GM,211937,GM,Safe
E035,"Anjuman Institute of Technology & Management, Bhatkal ANJUMANABAD,BHATKAL,(U K DIST), PIN 581320",DS,DATA SCIENCES,147357,3AG,146435,3AG,233045,GM,211997,GM,211997,GM,Safe
E255,"GANDHI INSTITUTE OF TECHNOLOGY AND MANAGEMENT GITAM OFF CAMPUS BENGALURU NH 207, Nagadenehalli Doddaballapur taluk. Bengaluru-561203",ME,ME,212173,3AR,212173,3AR,212173,GM,212173,GM,212173,GM,Safe
E299,"Ghousia Institute of Technology for Women, Bangalore Hosur Road, DRC Post, Banglaore-29",EC,EC,115258,GMR,115464,GMR,212595,GM,-,-,212595,GM,Safe
E204,"Bangalore Technological Institute, Sarjapura Road, Bangalore SY NO.66/6,66/5,67/6,&67/5, KODATHI VILLAGE, VARTHOOR HOBLI,BANGALORE EAST TQ BANGALORE URBAN",IS,INFORMATION SCIENCE,87523,GMR,93258,GMR,160598,3AG,212890,GM,212890,GM,Safe
E035,"Anjuman Institute of Technology & Management, Bhatkal ANJUMANABAD,BHATKAL,(U K DIST), PIN 581320",EE,EE,171897,GMR,156045,GMR,212970,GM,212970,GM,212970,GM,Safe
E168,"Amrutha Institute of Engineering & Management Science (AIEMS), Ramanagar BIDADI INDUSTRIAL AREA, OFF MYSORE ROAD, NEAR TOYOTA KIRLOSKAR MOTORS, BMRDA REGION, BANGALORE",IS,INFORMATION SCIENCE,101378,GMR,89608,GMR,152479,GMR,213400,GM,213400,GM,Safe
E308,"CONSTITUENT COLLEGE OF VTU, CHINTAMANI CHIKABALLAPURA DIST CHIKBALLAPURA",EC,EC,107703,GMR,103971,GMR,173566,GMR,213423,GM,213423,GM,Safe
E184,"C Byre Gowda Institute of Technology, Thoradevandahalli Village, Kolar SRINIVASPURA ROAD, THORADEVANDAHALLI, KOLAR-563101",AM,AM,102124,GMR,109880,GMR,168728,GMR,213593,GM,213593,GM,Safe
E197,"Veerappa Nisty Engineering College, Shorapur, Yadigir POST:HASNAPUR, TQ:SHORAPUR, DIST: YADGIR",CE,COMPUTER ENGINEERING,201303,GM,213786,GM,-,-,-,-,213786,GM,Safe
E059,"P D A College of Engineering, Gulbarga(AUTONOMOUS) AIWAN-E-SHAHI AREA,STATION ROAD,GULBARGA-585102",EE,EE,118420,3AG,135713,3AG,214287,3AG,214287,3AG,214287,3AG,Safe
E152,"S D M Institute of Tech., Ujire, Dakshina Kannada UJIRE-574240 DAKSHINA KANNADA KARNATAKA",IS,INFORMATION SCIENCE,78519,3AG,78519,3AG,261000,GM,214311,GM,214311,GM,Safe
E202,"Sampoorna Group of Institutions, Channapatana, Ramanagara District BELEKERE, MALLUR HOBLI, CHANNAPATNA TALUK, RAMANAGAR,DISTRICT",CE,COMPUTER ENGINEERING,228242,GMR,214377,GMR,-,-,-,-,214377,GMR,Safe
E180,"Beary's Institute of Technology, Boliar Village,Bantwal Tq, Mangalore LANDS END, INNOLI,BOLIYAR VILLAGE,NEAR MANGALORE UNIVERSITY,MANGALORE-574 153",ME,ME,214427,3AG,214427,3AG,-,-,-,-,214427,3AG,Safe
E227,"Cauvery institute of Technology, Koppalu gate, Sundahally, Mandya SUNDAHALLI, SIDDAIAHNA KOPPALU GATE, YELIHUR POST, KOTHATHI HOBLI, MANDYA",ME,ME,231165,3AR,214505,3AR,-,-,-,-,214505,3AR,Safe
E018,"Kalpatharu Institute of Technology, Tiptur B.H.ROAD,HASSAN CIRCLE,TIPTUR-572202",CS,COMPUTER SCIENCE,76632,GMR,78636,GMR,96913,GMR,214559,3AG,214559,3AG,Safe
E302,"AMITY UNIVERSITY National Highway 648 (old 207), Devanahalli - Doddaballapur Road",EE,EE,112141,GMR,94611,3AG,162305,3AG,214671,GM,214671,GM,Safe
E309,"CONSTITUENT COLLEGE OF VTU, CHINTAMANI CHIKABALLAPURA DIST CHIKBALLAPURA",EE,EE,171406,3AG,165802,3AG,214785,GM,-,-,214785,GM,Safe
E256,"RAI TECHNOLOGICAL UNIVERSITY 11TH MILE GALLU, DODDABALLAPUR - NELAMANGALA ROAD, MALLOHALLI VILLAGE KADANUR, DODDABALLAPUR TALUK, BENGALURU",CS,COMPUTER SCIENCE,122937,GMR,110165,GMR,259316,GM,214991,GM,214991,GM,Safe
E186,"ACS College of Engineering, Mysore Road, Bangalore 207,KAMBIPURA, MYSORE ROAD, KENGERI HOBLI,BANGALORE - 560074.",IOT,COMPUTER SCIENCE AND ENGG(INTERNET OF THINGS),93498,3AR,85295,3AR,144457,3AR,215181,GM,215181,GM,Safe
E188,"Vijaya Vittala Institute of Technology, Doddagubbi, Hennur Bagalur Road, Bangalore #35/1, DODDA GUBBI POST, HENNUR-BAGALURU ROAD,BANGALORE",EC,EC,99825,GMR,99825,GMR,236736,GM,215871,GM,215871,GM,Safe
E130,"Shridevi Institute of Engineering & Technology, Tumkur MARELENAHALLY,SIRA ROAD ,TUMKUR",CE,COMPUTER ENGINEERING,255748,3AR,215892,3AR,-,-,-,-,215892,3AR,Safe
E167,"K L E S's K L E College of Engineering & Technology, Chikkodi, Belgaum Dist. BANANTIKODI ROAD CHIKODI,BELGAUM -591 201,",CS,COMPUTER SCIENCE,54154,3AG,51402,3AG,64826,3AG,216007,3AG,216007,3AG,Safe
E049,"B V V Sangha`s Basaveshwara Engineering College , Bagalkote (AUTONOMOUS) NIJALINGAPPA ROAD,BAGALKOT 587102",AU,AU,162383,GMR,152249,GMR,216242,GM,-,-,216242,GM,Safe
E144,"Srinivas Institute of Technology, Mangalore SRINIVAS CAMPUS",AU,AU,177194,GMR,208062,3AR,247897,GM,216242,GM,216242,GM,Safe
E093,"Basavakalyana Engineering College, Basavakalyana, Bidar District N.H.9 ,BASAVAKALYAN-585327,DIST. BIDAR",EC,EC,126832,GMR,132820,GMR,242985,GM,216428,GM,216428,GM,Safe
E264,"BASAV ENGINEERING SCHOOL OF TECHNOLOGY, VIJAYAPURA",CE,COMPUTER ENGINEERING,213074,GMR,216529,GMR,-,-,-,-,216529,GMR,Safe
E082,"J S S Academy of Technical Education, Bangalore JSSATE CAMPUS,UTTARAHALLI-KENGERI ROAD ,BANGALORE 560060",CE,COMPUTER ENGINEERING,98196,3AG,115839,GMR,219539,GMR,216611,GM,216611,GM,Safe
E043,"Gurunanak Dev Engineering College, Bidar MAILOOR ROAD,BIDAR 585403",CE,COMPUTER ENGINEERING,154390,GMR,192273,GMR,248519,GM,216817,GM,216817,GM,Safe
E036,"K L E Technological Univeristy, Belgaum Campus (Formerly KLE Dr M.S.Sheshagiri College of Engineering and Technology) UDYAMBAGH,BELGAUM",ME,ME,95175,3AG,120335,3AG,217558,3AG,217558,3AG,217558,3AG,Safe
E303,"GM University KARUR VILLAGE, KASABA HOBLI, DAVANGERE TALUK AND DISTRICT",CC,CC,110793,3AG,98125,GMR,147588,GMR,217616,GMR,217616,GMR,Safe
E090,"Sri Revana Siddeswara Institute of Technology, Bangalore CHOKKANAHALLI, CHIKKAJALA,BANGALORE NORTH - 562157",CS,COMPUTER SCIENCE,62385,3AG,62385,3AG,100525,3AG,217666,GM,217666,GM,Safe
E123,"Canara Engineering College Bantwal, BENJANAPADAVU,BANTWAL,PIN 574219,DAKSHINA KANNADA DIST,",IS,INFORMATION SCIENCE,70466,3AG,70466,3AG,242313,GM,217692,GM,217692,GM,Safe
E198,"Sharanbasava University (Exclusively for Women) (Formerly Goduati Engineering College For Women) SHARNBASVESHWARA INSTITUTIONS CAMPUS , KALABURAGI ( GULBARGA) -585103 , KARNATAKA",CE,COMPUTER ENGINEERING,212767,GMR,135284,GMR,254677,GM,218247,GM,218247,GM,Safe
E153,"S E A College of Engineering & Technology, Virgonagar, Bangalore EKTA NAGAR, BASAVANAPURA, VIRGO NAGAR POST, BANGALORE - 560 049.",CE,COMPUTER ENGINEERING,245859,3AR,201932,3AR,218547,GM,-,-,218547,GM,Safe
E186,"ACS College of Engineering, Mysore Road, Bangalore 207,KAMBIPURA, MYSORE ROAD, KENGERI HOBLI,BANGALORE - 560074.",AN,AN,77561,GMR,79791,GMR,103979,GMR,219076,GM,219076,GM,Safe
E086,"Sri Sairam College Of Engineering, Anekal, Bangalore SAI LEO NAGAR",IS,INFORMATION SCIENCE,83896,GMR,81377,GMR,114038,3AG,219118,GM,219118,GM,Safe
E017,"Sri Siddhartha Institute of Technology MARALUR ,TUMKUR",BM,BM,61316,GMR,73294,GMR,158170,GMR,219840,GM,219840,GM,Safe
E312,"NEW EBENEZER INSTITUTE OF TECHNOLOGY HENNUR BAGALUR MAIN ROAD, KOTHNUR POST,",CS,COMPUTER SCIENCE,156095,3AR,132501,3AR,181390,3AG,219870,GM,219870,GM,Safe
E198,"Sharanbasava University (Exclusively for Women) (Formerly Goduati Engineering College For Women) SHARNBASVESHWARA INSTITUTIONS CAMPUS , KALABURAGI ( GULBARGA) -585103 , KARNATAKA",CS,COMPUTER SCIENCE,86181,3AG,86181,3AG,219940,3AG,219940,3AG,219940,3AG,Safe
E259,"Sir M V School of Architecture,Hunasamaranahalli, Bangalore KRISHNADEVARAYANAGAR,HUNASAMARANAHALLI,VIA YELAHANKA,BANGALORE - 562 157",VL,VL,142814,GMR,-,-,239215,GM,220401,GM,220401,GM,Safe
E169,"Alva's Institute of Engineering & Technology, Moodabidre, D.K (AUTONOMOUS) SHOBHAVANA CAMPUS,MIJAR,MOODBIDRI - 574225,MANGALORE TALUK,DHAKSHINA KANNADA",IS,INFORMATION SCIENCE,76131,3AG,81007,3AG,116307,GMR,220528,GMR,220528,GMR,Safe
E177,"Rajeev Institute of Technology, Hassan PLOT 1-D(P-1), GROWTH CENTRE, INDUSTRIAL AREA, BANGALORE MANGALORE BYPASS ROAD",VL,VL,153327,GMR,144752,GMR,220653,GM,220653,GM,220653,GM,Safe
E014,"S J C Institute of Technology, Chickkaballapur(AUTONOMOUS) P B NO. 20, B B ROAD, CHICKBALLAPUR, CHICKBALLAPUR (DISTRICT)",ME,ME,95589,GMR,119043,GMR,159113,GMR,220712,GM,220712,GM,Safe
E193,Srinivas University SRINIVAS CAMPUS MUKKA MANGALURU,AM,AM,141766,3AR,120493,3AR,205983,3AG,221055,GM,221055,GM,Safe
E146,"Shreedevi Institute of Technology, Mangalore AIRPORT ROAD, KENJAR VILLAGE,MALAVOOR PANCHAYAT,DAKSHINA KANNADA",AD,AD,92826,GMR,92826,GMR,149091,GMR,221083,GM,221083,GM,Safe
E094,"Coorg Institute of Technology, Kunda, Ponnampet POST BOX NO.11,COORG",ME,ME,159276,3AR,236950,3AR,221511,GM,221511,GM,221511,GM,Safe
E311,"RATHINAM INSTITUTE OF TECHNOLOGY DODDAKAMMANAHALLY VILLAGE, BEGUR HOBLI,",AM,AM,136562,GMR,113313,GMR,249680,GM,221824,GM,221824,GM,Safe
E165,"Yenepoya Institute Of Technology, Mangalore VIDYANAGAR N.H 13THODAR MIJAR POST MOODBIDRI MANGALORE TQ",IS,INFORMATION SCIENCE,137213,3AR,119459,3AR,250717,GM,222133,GM,222133,GM,Safe
E032,"R.T.E. Soceity's Rural Engineering College, Hulkoti HULKOTI -582 205,GADAG",ME,ME,177379,GMR,222195,GMR,-,-,-,-,222195,GMR,Safe
E189,"NAVKIS COLLEGE OF ENGINEERING, KIADB Industrial Area,Thimmanahally, Hassan P.B.NO. 55, NH-48, KIADB INDUSTRIAL AREA, THIMMANAHALLY, HASSAN-573201",CE,COMPUTER ENGINEERING,162909,GMR,162909,GMR,222281,GM,222281,GM,222281,GM,Safe
E153,"S E A College of Engineering & Technology, Virgonagar, Bangalore EKTA NAGAR, BASAVANAPURA, VIRGO NAGAR POST, BANGALORE - 560 049.",ME,ME,159612,GMR,171693,GMR,222287,GM,-,-,222287,GM,Safe
E174,"Dr. Sri Sri Sri Shivakumara Mahaswamyji College of Engineering, Byranayakanahalli, Bangalore Rural BYARANAYAKANAHALLI,DODDABALE POST,NELAMANGALA TALUK,BANGALORE RURAL DISTRICT",EE,EE,159685,3AR,138839,3AR,222296,GM,222296,GM,222296,GM,Safe
E094,"Coorg Institute of Technology, Kunda, Ponnampet POST BOX NO.11,COORG",CS,COMPUTER SCIENCE,90962,GMR,90290,GMR,153512,GMR,222478,GM,222478,GM,Safe
E150,"P E S Institute of Technology & Management, Shimoga GUDDADAARAKERE, KOTEGANGOORSAGAR ROAD,SHIMOGA",EC,EC,92723,3AR,81862,3AR,122614,3AR,222523,3AG,222523,3AG,Safe
E313,"HARSHA INSTITUTE OF TECHNOLOGY VARADANAYAKANA HALLY VILLAGE, NELAMANGALA TALUK,",CY,CY,150239,GMR,114222,3AG,222532,GM,222532,GM,222532,GM,Safe
E083,"H.K.B.K.College of Engineering, Bangalore # 22/1, NAGAWARA, BANGALORE-560045",IS,INFORMATION SCIENCE,78157,3AR,68534,3AR,93450,3AR,222607,3AR,222607,3AR,Safe
E083,"H.K.B.K.College of Engineering, Bangalore # 22/1, NAGAWARA, BANGALORE-560045",EC,EC,76072,GMR,76034,GMR,100602,GMR,223135,GM,223135,GM,Safe
E038,"BLDEA's VP. Dr.P.G. Hallakatti College of Engineering & Technology, Bijapur ASHRAM ROAD,BIJAPUR - 586103",EC,EC,59661,GMR,53975,GMR,97721,3AG,223168,3AG,223168,3AG,Safe
E132,"Secab Institute of Engineering & Technology, Bijapur 424, NAURASPUR, BAGALKOT ROAD, HUDCO CROSS,BIJAPUR-586101",ME,ME,178113,GMR,223168,3AG,-,-,-,-,223168,3AG,Safe
E220,"ALLIANCE University Central Campus, Chikkahadage Cross Chandapura-Anekal, Main Road, Bengaluru, Karnataka 562106",AR2,AR2,85563,GMR,95801,GMR,156913,GMR,223365,GMR,223365,GMR,Safe
E101,"Channabasaveshwara Institute of Technology, Gubbi Herur, Tumkur NH 206 (BH ROAD), GUBBI, TUMKUR. KARNATAKA",ME,ME,153276,3AG,173983,3AG,240452,GM,223438,GM,223438,GM,Safe
E203,"K S School of Engineering & Management, Mallasandra, Bangalore #15/1, MALLASANDRA, OFF KANAKAPURA ROAD, BANGALORE - 560062",CE,COMPUTER ENGINEERING,253090,GMR,199507,GMR,249803,GM,223444,GM,223444,GM,Safe
E129,"St.Joseph Engineering College, Mangalore(AUTONOMOUS) MANGALORE",EE,EE,62868,GMR,65543,GMR,142421,GMR,223550,GM,223550,GM,Safe
E255,"GANDHI INSTITUTE OF TECHNOLOGY AND MANAGEMENT GITAM OFF CAMPUS BENGALURU NH 207, Nagadenehalli Doddaballapur taluk. Bengaluru-561203",CE,COMPUTER ENGINEERING,117239,GMR,127687,3AG,248108,GM,223703,GM,223703,GM,Safe
E094,"Coorg Institute of Technology, Kunda, Ponnampet POST BOX NO.11,COORG",CY,CY,116072,GMR,117237,GMR,231971,3AG,223773,GM,223773,GM,Safe
E303,"GM University KARUR VILLAGE, KASABA HOBLI, DAVANGERE TALUK AND DISTRICT",RA,RA,109765,GMR,109765,GMR,149949,GMR,224086,GM,224086,GM,Safe
E254,"A J Institute Of Engineering And Technology.Kottar chowki Boloor Village Mangalore KOTTARA CHOWKI BOLOOR VILLAGE,DAKSHINA KANNADA",IOTCS,IOTCS,117014,3AG,117014,3AG,224230,GM,224230,GM,224230,GM,Safe
E112,"Sri Krishna Institute of Technology, Bangalore NO. 29, HESARAGHATTA MAIN ROAD,CHIMNEY HILLS, CHIKKABANAVARA POST,BANGALORE - 560090",EC,EC,93984,GMR,87149,GMR,126668,GMR,224299,GMR,224299,GMR,Safe
E029,"Maratha Mandal Engineering College, Belgaum RS. NO.104, HALBHAVI VILLAGE, POST: NEW VANTMURI, VIA KAKATI, TALUKA & DIST. BELGAUM-591113",EC,EC,94908,3AG,92010,3AG,222466,3AG,224409,GM,224409,GM,Safe
E087,"Vivekananada Institute of Technology, Kengeri, Bangalore GUDIMAVU VILLAGE ,KENGERI(HOBLI)NEAR KUMBALAGODU,BANGALORE",ME,ME,124843,GMR,131142,GMR,224436,GM,-,-,224436,GM,Safe
E055,"P A College of Engineering, Kairangal, Bantwala Tq,. Mangalore NADUPADAV, NEAR MANGALORE UNIVERSITY,MONTEPADAV POST, KAIRANGALA VILLAGE,BANTWAL-MANGALORE",IOTCS,IOTCS,115318,3AG,106056,3AG,195106,GMR,224445,GM,224445,GM,Safe
E111,"Sri Venkateshwara College of Engineering, Bangalore VIDYANAGAR, BENGALURU INTERNATIONAL AIRPORT ROAD,BETTAHALASUR POST,BENGALURU NORTH,BENGALURU - 562 157",EC,EC,82268,GMR,72889,GMR,112943,GMR,224668,GMR,224668,GMR,Safe
E129,"St.Joseph Engineering College, Mangalore(AUTONOMOUS) MANGALORE",CE,COMPUTER ENGINEERING,174617,3AG,172986,3AG,224711,GM,224711,GM,224711,GM,Safe
E176,"Navodaya Institute of Technology, Raichur(AUTONOMOUS) NAVODAYA NAGAR, MANATRALAYAM ROAD, RAICHUR",CE,COMPUTER ENGINEERING,211483,GMR,203177,3AG,251893,GM,224809,GM,224809,GM,Safe
E142,"Adhichunchanagiri University (Formerly B G S Institute of Technology) B.G.NAGARA ,NAGAMANGALA TALUK,MANDYA DISTRICT -571448",EC,EC,86597,GMR,79024,GMR,126124,GMR,224878,GM,224878,GM,Safe
E288,"Garden City University 16th KM, Old Madras Road (Near K R Puram), Bangalore, Karnataka, 560049.",RI,RI,126937,3AR,118252,3AR,226859,3AG,224889,GM,224889,GM,Safe
E029,"Maratha Mandal Engineering College, Belgaum RS. NO.104, HALBHAVI VILLAGE, POST: NEW VANTMURI, VIA KAKATI, TALUKA & DIST. BELGAUM-591113",CS,COMPUTER SCIENCE,87089,3AG,87089,3AG,167620,3AG,224954,GM,224954,GM,Safe
E283,"University of Mysuru B.N.BAHADUR INSTITUTE OF MANAGEMENT SCIENCES, (DOS IN BUSSINESS ADMINISTRATION)UNIVERSITY OF MYSORE, MANASAGANGOTRI,HUNSUR ROAD,MYSORE.",CD,COMMUNICATION DESIGN,91734,GMR,87769,GMR,131951,GMR,225014,GM,225014,GM,Safe
E106,"East West Institute Of Technology,Bangalore(AUTONOMOUS) SY. NO.63, OFF MAGADI MAIN ROAD, VISHWANEEDAM POST,BANGALORE",ME,ME,137017,GMR,120277,GMR,225056,GM,225056,GM,225056,GM,Safe
E188,"Vijaya Vittala Institute of Technology, Doddagubbi, Hennur Bagalur Road, Bangalore #35/1, DODDA GUBBI POST, HENNUR-BAGALURU ROAD,BANGALORE",DS,DATA SCIENCES,113843,GMR,103451,GMR,170177,3AG,225107,GM,225107,GM,Safe
E062,"Bapuji Institute of Engineering & Technology, Davangere (AUTONOMOUS) BAPUJI INSTITUTE OF ENGINEERING & TECHNOLOGY,P.B. NO.325,SHAMANUR ROAD,DAVANGERE-577 004",TT,TEXTILES TECHNOLOGY,140477,GMR,152443,GMR,225173,GM,225173,GM,225173,GM,Safe
E034,"SDM College of Engineering, Dharwad (AUTONOMOUS) DHAVALAGIRI,KALGHATGI ROAD,DHARWAD",CE,COMPUTER ENGINEERING,98419,3AG,102008,GMR,225434,3AG,225434,3AG,225434,3AG,Safe
E159,"Karavali Institute of Technology, Neermarga, Mangalore PADU POST, VIA PEDUMALE,NEERUMARGA,MANGALORE -575029",DS,DATA SCIENCES,130802,3AG,121113,3AG,225488,GM,225488,GM,225488,GM,Safe
E033,"Sri Taralabalu Jagadguru Institute of Technology, Ranebennur P B ROAD (NH4),RANEBENNUR-581 115,HAVERI DISTRICT",ME,ME,225581,GMR,225558,GMR,-,-,-,-,225558,GMR,Safe
E087,"Vivekananada Institute of Technology, Kengeri, Bangalore GUDIMAVU VILLAGE ,KENGERI(HOBLI)NEAR KUMBALAGODU,BANGALORE",EC,EC,81880,GMR,82314,GMR,160266,GMR,225836,GM,225836,GM,Safe
E205,"ATME College of Engineering, Mysore SY.NO.1002, HAROHALLI (MELLAHALLI),MYSORE",ME,ME,150914,GMR,121098,3AG,246454,GM,225937,GM,225937,GM,Safe
E093,"Basavakalyana Engineering College, Basavakalyana, Bidar District N.H.9 ,BASAVAKALYAN-585327,DIST. BIDAR",IOTCS,IOTCS,139744,3AG,117933,3AG,257229,GM,225962,GM,225962,GM,Safe
E086,"Sri Sairam College Of Engineering, Anekal, Bangalore SAI LEO NAGAR",IOTCS,IOTCS,80578,GMR,77558,3AG,113621,GMR,226178,GMR,226178,GMR,Safe
E113,"Sambhram Institute of Technology, Bangalore AMBABHAVANI TEMPLE ROAD,M.S.PALYA, JALAHALLI EAST,VIDYARANYAPURA POST,BANGALORE",ME,ME,197444,GMR,163787,GMR,226243,GM,-,-,226243,GM,Safe
E297,"ADITYA COLLEGE OF ENGINEERING AND TECHNOLOGY SURVEY NO 2/8 2/9 AND 2/2, KAMAKSHIPURA, SONNENAHALLI PANCHAYATH, HESARAGHATTA HOBLI, YELAHANKA",IS,INFORMATION SCIENCE,103451,GMR,92523,GMR,246748,GM,226352,GM,226352,GM,Safe
E033,"Sri Taralabalu Jagadguru Institute of Technology, Ranebennur P B ROAD (NH4),RANEBENNUR-581 115,HAVERI DISTRICT",CE,COMPUTER ENGINEERING,225434,3AG,196369,3AG,226414,GM,-,-,226414,GM,Safe
E043,"Gurunanak Dev Engineering College, Bidar MAILOOR ROAD,BIDAR 585403",IS,INFORMATION SCIENCE,142020,3AR,159542,3AR,102938,GM,226446,GM,226446,GM,Safe
E065,"Jawaharlal Nehru New College of Engineering, Shimoga P.B. NO. 128,NAVULE, SHIMOGA",ME,ME,134816,GMR,137299,3AG,226667,GM,226667,GM,226667,GM,Safe
E197,"Veerappa Nisty Engineering College, Shorapur, Yadigir POST:HASNAPUR, TQ:SHORAPUR, DIST: YADGIR",EE,EE,124147,GM,146651,GM,226714,GM,-,-,226714,GM,Safe
E041,"P D A College of Engineering, Gulbarga(AUTONOMOUS) AIWAN-E-SHAHI AREA,STATION ROAD,GULBARGA-585102",EE,EE,151759,3AR,125577,3AR,227044,3AR,227044,3AR,227044,3AR,Safe
E191,"Akshaya Institute of Technology, Lingapura, Tumkur Dist. LINGAPURA",IS,INFORMATION SCIENCE,114543,3AG,109944,GMR,247975,GM,227163,GM,227163,GM,Safe
E312,"NEW EBENEZER INSTITUTE OF TECHNOLOGY HENNUR BAGALUR MAIN ROAD, KOTHNUR POST,",AM,AM,136834,GMR,123527,GMR,255979,GM,227357,GM,227357,GM,Safe
E107,"B N M Institute of Technology, Bangalore (AUTONOMOUS) 12TH MAIN, 27TH CROSS, BSK SECOND STAGE",ME,ME,91023,GMR,95204,GMR,150651,GMR,227374,GMR,227374,GMR,Safe
E119,"K C T Engineering College, Gulbarga KCT CAMPUS",EC,EC,97876,GM,96268,GM,262151,GM,227631,GM,227631,GM,Safe
E203,"K S School of Engineering & Management, Mallasandra, Bangalore #15/1, MALLASANDRA, OFF KANAKAPURA ROAD, BANGALORE - 560062",ME,ME,255379,GMR,172604,GMR,227758,GM,-,-,227758,GM,Safe
E065,"Jawaharlal Nehru New College of Engineering, Shimoga P.B. NO. 128,NAVULE, SHIMOGA",ET,ET,102901,GMR,91102,3AG,226602,GMR,227789,GM,227789,GM,Safe
E120,"Jnanavikasa Institute of Technology, Bidadi,Ramanagar VIDYA SOUDHA, 32ND K.M.BANGALORE - MYSORE HIGH WAY,",IS,INFORMATION SCIENCE,110529,GMR,98058,GMR,258403,GM,228494,GM,228494,GM,Safe
E168,"Amrutha Institute of Engineering & Management Science (AIEMS), Ramanagar BIDADI INDUSTRIAL AREA, OFF MYSORE ROAD, NEAR TOYOTA KIRLOSKAR MOTORS, BMRDA REGION, BANGALORE",CS,COMPUTER SCIENCE,86876,GMR,86876,GMR,113767,GMR,228555,GM,228555,GM,Safe
E044,"Bheemanna Khandre Institute of Technology, Bhalki BHALKI-HUMNABAD ROAD,BHALKI- 585328,DIST. BIDAR",ME,ME,140541,GM,173883,GM,244768,GM,228595,GM,228595,GM,Safe
E070,"Bahubali College of Engineering, Shravanabelagola, Hassan GOMMATANAGARA,SHRAVANABELAGOLA - 573135 HASSAN",IS,INFORMATION SCIENCE,115589,GMR,104623,GMR,258692,GM,229350,GM,229350,GM,Safe
E173,"Sai Vidya Institute of Technology, Rajanakunte, Bangalore RAJANUKUNTE,DODDBALLAPURA ROAD ,VIA: YELAHANKA,BANGALORE",CE,COMPUTER ENGINEERING,186812,GMR,146329,GMR,229728,GM,229728,GM,229728,GM,Safe
E237,"PRESIDENCY University ITGALPURA, RAJANUKUNTE, YELAHANKA, BENGALURU - 560 064",CE,COMPUTER ENGINEERING,103986,GMR,103986,GMR,174687,GMR,229800,GM,229800,GM,Safe
E070,"Bahubali College of Engineering, Shravanabelagola, Hassan GOMMATANAGARA,SHRAVANABELAGOLA - 573135 HASSAN",EC,EC,109758,GMR,105199,GMR,228562,GMR,229925,GM,229925,GM,Safe
E066,"University B.D.T. college of Engineering, (H.GOV),Davangere",ME,ME,144606,3AG,156259,3AG,256929,GM,230118,GM,230118,GM,Safe
E204,"Bangalore Technological Institute, Sarjapura Road, Bangalore SY NO.66/6,66/5,67/6,&67/5, KODATHI VILLAGE, VARTHOOR HOBLI,BANGALORE EAST TQ BANGALORE URBAN",RI,RI,102122,3AG,104158,GMR,173069,GMR,230186,GM,230186,GM,Safe
E058,"P E S College of Engineering, Mandya(AUTONOMOUS) MANDYA: 571 401",CE,COMPUTER ENGINEERING,165909,3AR,126910,3AR,230371,GM,230371,GM,230371,GM,Safe
E198,"Sharanbasava University (Exclusively for Women) (Formerly Goduati Engineering College For Women) SHARNBASVESHWARA INSTITUTIONS CAMPUS , KALABURAGI ( GULBARGA) -585103 , KARNATAKA",EE,EE,107733,GM,104794,GM,230450,GM,230450,GM,230450,GM,Safe
E037,"K.L.S. Gogte Institute of Technology, Belgaum.(AUTONOMOUS) ""JNANA GANGA"", UDYAMBAG,BELGAUM",ME,ME,91862,3AG,85201,3AG,124656,3AG,230644,3AG,230644,3AG,Safe
E035,"Anjuman Institute of Technology & Management, Bhatkal ANJUMANABAD,BHATKAL,(U K DIST), PIN 581320",RI,RI,137229,3AG,152453,3AG,230681,GM,230681,GM,230681,GM,Safe
E299,"Ghousia Institute of Technology for Women, Bangalore Hosur Road, DRC Post, Banglaore-29",IS,INFORMATION SCIENCE,104158,GMR,113352,GMR,230797,GM,-,-,230797,GM,Safe
E153,"S E A College of Engineering & Technology, Virgonagar, Bangalore EKTA NAGAR, BASAVANAPURA, VIRGO NAGAR POST, BANGALORE - 560 049.",IOTCS,IOTCS,99075,GMR,102405,GMR,175605,GMR,230868,GM,230868,GM,Safe
E063,"S J M Institute of Technology, Chitradurga P B NO 73, NH -4 BYE PASS, CHITRADURGA",CE,COMPUTER ENGINEERING,185451,GMR,165468,GMR,251390,GM,230876,GM,230876,GM,Safe
E033,"Sri Taralabalu Jagadguru Institute of Technology, Ranebennur P B ROAD (NH4),RANEBENNUR-581 115,HAVERI DISTRICT",EC,EC,113390,3AR,132185,3AR,169738,GMR,231089,GM,231089,GM,Safe
E044,"Bheemanna Khandre Institute of Technology, Bhalki BHALKI-HUMNABAD ROAD,BHALKI- 585328,DIST. BIDAR",CE,COMPUTER ENGINEERING,149541,GM,160278,GM,232208,GM,231195,GM,231195,GM,Safe
E144,"Srinivas Institute of Technology, Mangalore SRINIVAS CAMPUS",MR,MR,88628,GMR,117939,3AG,138773,3AG,231286,GM,231286,GM,Safe
E145,"Rajarajeswari College of Engineering, Bangalore (AUTONOMOUS) #14, RAMOHOLLI CROSS,KUMBALGODU, MYSORE ROAD,BANGALORE - 560074",CE,COMPUTER ENGINEERING,112591,GMR,140685,GMR,255825,GM,231367,GM,231367,GM,Safe
E047,"Malnad College of Engineering, Hassan(AUTONOMOUS) P.B. NO. 21, SALAGAME ROAD,HASSSAN",CE,COMPUTER ENGINEERING,132471,GMR,143454,GMR,242144,GM,231435,GM,231435,GM,Safe
E043,"Gurunanak Dev Engineering College, Bidar MAILOOR ROAD,BIDAR 585403",ME,ME,162170,GM,187358,GM,231551,GM,-,-,231551,GM,Safe
E152,"S D M Institute of Tech., Ujire, Dakshina Kannada UJIRE-574240 DAKSHINA KANNADA KARNATAKA",EE,EE,107415,GMR,101572,GMR,199219,GM,231573,GM,231573,GM,Safe
E130,"Shridevi Institute of Engineering & Technology, Tumkur MARELENAHALLY,SIRA ROAD ,TUMKUR",IS,INFORMATION SCIENCE,96599,GMR,95807,3AG,138242,GMR,231603,GM,231603,GM,Safe
E150,"P E S Institute of Technology & Management, Shimoga GUDDADAARAKERE, KOTEGANGOORSAGAR ROAD,SHIMOGA",EE,EE,109357,3AG,104613,GMR,225357,GMR,231614,GM,231614,GM,Safe
E206,"Shri Madhwa Vadiraja Institute of Technology and Management, Udupi VISHWOTHAMA NAGAR,",AD,AD,110173,3AR,98905,3AR,139110,3AG,231660,GM,231660,GM,Safe
E100,"K N S Institute of Technology, Bangalore THIRUMENAHALLI, HEGGADENAGAR-KOGILU ROAD, YELAHANKA, BANGALORE-560064",IS,INFORMATION SCIENCE,82205,GMR,78411,GMR,110342,3AG,232051,GM,232051,GM,Safe
E213,"Lingarajappa Engineering College, Bidar SURVEY NO. 25/1, GORNALLI ,BIDAR",AM,AM,90809,GM,97216,GM,112490,GM,232071,GM,232071,GM,Safe
E174,"Dr. Sri Sri Sri Shivakumara Mahaswamyji College of Engineering, Byranayakanahalli, Bangalore Rural BYARANAYAKANAHALLI,DODDABALE POST,NELAMANGALA TALUK,BANGALORE RURAL DISTRICT",EC,EC,115464,GMR,108235,GMR,234939,GM,232106,GM,232106,GM,Safe
E180,"Beary's Institute of Technology, Boliar Village,Bantwal Tq, Mangalore LANDS END, INNOLI,BOLIYAR VILLAGE,NEAR MANGALORE UNIVERSITY,MANGALORE-574 153",CS,COMPUTER SCIENCE,107446,3AG,106354,3AG,180349,GMR,232342,GM,232342,GM,Safe
E171,"Brindavan College of Engineering, Yelahanaka, Bangalore DWARAKANAGARA, BAGALUR MAIN ROAD,YELAHANKA, BANGALORE - 560 063",ME,ME,177816,3AR,177816,3AR,232379,GM,232379,GM,232379,GM,Safe
E283,"University of Mysuru B.N.BAHADUR INSTITUTE OF MANAGEMENT SCIENCES, (DOS IN BUSSINESS ADMINISTRATION)UNIVERSITY OF MYSORE, MANASAGANGOTRI,HUNSUR ROAD,MYSORE.",CE,COMPUTER ENGINEERING,141087,3AR,141087,GMR,196555,GMR,232487,GM,232487,GM,Safe
E098,"Atria Institute of Technology, Anand Nagar, Hebbal PO, Bangalore (AUTONOMOUS) ASKB CAMPUS, AG'S COLONY, 1ST MAIN, ANANDNAGAR,BANGALORE",CE,COMPUTER ENGINEERING,173884,3AR,173884,3AR,232649,GMR,232649,GM,232649,GM,Safe
E150,"P E S Institute of Technology & Management, Shimoga GUDDADAARAKERE, KOTEGANGOORSAGAR ROAD,SHIMOGA",CD,COMMUNICATION DESIGN,84624,GMR,95753,3AG,173179,3AG,232943,GM,232943,GM,Safe
E150,"P E S Institute of Technology & Management, Shimoga GUDDADAARAKERE, KOTEGANGOORSAGAR ROAD,SHIMOGA",CE,COMPUTER ENGINEERING,169224,GMR,169224,GMR,233134,GM,233134,GM,233134,GM,Safe
E029,"Maratha Mandal Engineering College, Belgaum RS. NO.104, HALBHAVI VILLAGE, POST: NEW VANTMURI, VIA KAKATI, TALUKA & DIST. BELGAUM-591113",ME,ME,166956,3AG,194570,GMR,233181,GM,-,-,233181,GM,Safe
E252,"Mysore College Of Engineering and Management,Mysore CHIKAHALLI, VARUNA HOBALI, NEAR BIG BANYAN TREE, TN ROAD,MYSORE",AM,AM,62069,GMR,66997,GMR,95617,GMR,233511,GMR,233511,GMR,Safe
E120,"Jnanavikasa Institute of Technology, Bidadi,Ramanagar VIDYA SOUDHA, 32ND K.M.BANGALORE - MYSORE HIGH WAY,",CS,COMPUTER SCIENCE,94269,3AG,87564,GMR,160487,GMR,233708,GM,233708,GM,Safe
E184,"C Byre Gowda Institute of Technology, Thoradevandahalli Village, Kolar SRINIVASPURA ROAD, THORADEVANDAHALLI, KOLAR-563101",ME,ME,185533,GMR,185533,GMR,209736,GM,233888,GM,233888,GM,Safe
E189,"NAVKIS COLLEGE OF ENGINEERING, KIADB Industrial Area,Thimmanahally, Hassan P.B.NO. 55, NH-48, KIADB INDUSTRIAL AREA, THIMMANAHALLY, HASSAN-573201",AM,AM,88190,GMR,88923,GMR,105972,3AG,234004,GM,234004,GM,Safe
E035,"Anjuman Institute of Technology & Management, Bhatkal ANJUMANABAD,BHATKAL,(U K DIST), PIN 581320",ME,ME,189559,GM,234166,GMR,-,-,-,-,234166,GMR,Safe
E035,"Anjuman Institute of Technology & Management, Bhatkal ANJUMANABAD,BHATKAL,(U K DIST), PIN 581320",CE,COMPUTER ENGINEERING,234177,GMR,234177,GMR,-,-,-,-,234177,GMR,Safe
E102,"DONBOSCO Institute of Technology, Bangalore(AUTONOMOUS) KUMBALAGODU, MYSORE ROAD, KENGERI HOBLI,BANGALORE-560074",EE,EE,67013,GMR,67423,GMR,108222,3AG,234212,GM,234212,GM,Safe
E169,"Alva's Institute of Engineering & Technology, Moodabidre, D.K (AUTONOMOUS) SHOBHAVANA CAMPUS,MIJAR,MOODBIDRI - 574225,MANGALORE TALUK,DHAKSHINA KANNADA",CE,COMPUTER ENGINEERING,164983,GMR,181847,GMR,234470,GM,-,-,234470,GM,Safe
E288,"Garden City University 16th KM, Old Madras Road (Near K R Puram), Bangalore, Karnataka, 560049.",EC,EC,132917,GMR,119163,GMR,261836,GM,234513,GM,234513,GM,Safe
E136,"Moodalakatte Institute of Technology, Kundapura, Udupi MOODLAKATTE,KUNDAPURA TALUK,UDUPI DISTRICT",CE,COMPUTER ENGINEERING,239352,GMR,234612,GMR,-,-,-,-,234612,GMR,Safe
E152,"S D M Institute of Tech., Ujire, Dakshina Kannada UJIRE-574240 DAKSHINA KANNADA KARNATAKA",AD,AD,57014,3AR,82594,3AR,124389,3AR,235197,GM,235197,GM,Safe
E153,"S E A College of Engineering & Technology, Virgonagar, Bangalore EKTA NAGAR, BASAVANAPURA, VIRGO NAGAR POST, BANGALORE - 560 049.",AG,AG,87150,GMR,92329,GMR,141052,GMR,235238,GM,235238,GM,Safe
E116,"R.L.Jalappa Institute of Technology, Doddaballapura KODIGEHALLI, DODDABALLAPUR-561203, BANGALORE RURAL",ME,ME,209763,GMR,195515,GMR,235253,GM,-,-,235253,GM,Safe
E314,"CAUVERY COLLEGE OF ENGINEERING KBL LAYOUT, ALANAHALLY MYSORE",EC,EC,119493,GMR,115651,GMR,236309,GM,235324,GM,235324,GM,Safe
E278,"VISVESVARAYA TECHNOLOGICAL UNIVERSITY, BELAGAVI, VIAT, MUDDENAHALLI CAMPUS, CHIKKABALLAPUR Muddenahalli campus,Chickkaballapur",EC,EC,135347,GMR,128245,GMR,259514,GM,235484,GM,235484,GM,Safe
E111,"Sri Venkateshwara College of Engineering, Bangalore VIDYANAGAR, BENGALURU INTERNATIONAL AIRPORT ROAD,BETTAHALASUR POST,BENGALURU NORTH,BENGALURU - 562 157",CE,COMPUTER ENGINEERING,144868,GMR,151302,GMR,235720,GM,235720,GM,235720,GM,Safe
E144,"Srinivas Institute of Technology, Mangalore SRINIVAS CAMPUS",AN,AN,75240,GMR,83347,GMR,245934,GM,235907,GM,235907,GM,Safe
E306,"THE CHANAKYA UNIVERSITY NO 29 HARALURU, DEVANAHALLI TALUK (NEAR BENGALURU INTERNATIONLA AIRPORT)",VL,VL,114386,GMR,87689,GMR,128156,GMR,236008,GM,236008,GM,Safe
E300,"AKASH INTITUTE OF ENGINEERING AND TECHNOLOGY PRASANNAHALLI MAIN RAOD, AKKUPETE VILLAGE, KASABA HOBLI",EC,EC,119163,3AR,104402,3AR,236172,GM,236172,GM,236172,GM,Safe
E028,"Tontadarya College of Engineering, Gadag MUNDARAGI ROAD ,GADAG - 582101",CD,COMMUNICATION DESIGN,127301,GMR,116271,GMR,226024,GMR,236223,GM,236223,GM,Safe
E204,"Bangalore Technological Institute, Sarjapura Road, Bangalore SY NO.66/6,66/5,67/6,&67/5, KODATHI VILLAGE, VARTHOOR HOBLI,BANGALORE EAST TQ BANGALORE URBAN",EC,EC,95934,GMR,93179,GMR,194618,GMR,236423,GM,236423,GM,Safe
E092,"Vemana Institute of Technology, Bangalore #1, MAHAYOGI VEMANA ROAD, 3RD BLOCK, KORMANGALA, BANGALORE -560034.",EC,EC,85662,GMR,74138,GMR,104094,GMR,236706,GM,236706,GM,Safe
E115,"S.J B. Institute of Technology, Bangalore (AUTONOMOUS) BGS HEALTH & EDUCATION CITY,NO 67, UTTARAHALLI ROAD.KENGERI, BANGALORE -60",ME,ME,98810,GMR,104740,GMR,160358,GMR,236842,GM,236842,GM,Safe
E038,"BLDEA's VP. Dr.P.G. Hallakatti College of Engineering & Technology, Bijapur ASHRAM ROAD,BIJAPUR - 586103",ME,ME,140333,GMR,162989,3AG,239687,GM,237018,GM,237018,GM,Safe
E044,"Bheemanna Khandre Institute of Technology, Bhalki BHALKI-HUMNABAD ROAD,BHALKI- 585328,DIST. BIDAR",EC,EC,130113,3AG,135636,3AG,239908,GM,237314,GM,237314,GM,Safe
E094,"Coorg Institute of Technology, Kunda, Ponnampet POST BOX NO.11,COORG",CE,COMPUTER ENGINEERING,215892,GMR,181568,GMR,237331,GM,237331,GM,237331,GM,Safe
E238,"Mysuru Royal Institute Of Technology,Lakshmipura road,Mysuru LAKSHMIPURA ROAD, OFF MYSURU -BENGALURU HIGHWAY,MANDYA",ME,ME,169999,3AR,169999,3AR,237365,GM,-,-,237365,GM,Safe
E029,"Maratha Mandal Engineering College, Belgaum RS. NO.104, HALBHAVI VILLAGE, POST: NEW VANTMURI, VIA KAKATI, TALUKA & DIST. BELGAUM-591113",RI,RI,129898,3AR,90748,3AR,225333,3AG,237380,GM,237380,GM,Safe
E196,"Jain College of Engineering,Machche, Belgaum T.S. NAGAR,HUNCHANHATTI ROAD,MACCHE, BELGAUM- 590014.",CE,COMPUTER ENGINEERING,141738,GMR,146565,GMR,237434,GM,-,-,237434,GM,Safe
E100,"K N S Institute of Technology, Bangalore THIRUMENAHALLI, HEGGADENAGAR-KOGILU ROAD, YELAHANKA, BANGALORE-560064",EC,EC,84738,GMR,85821,GMR,116616,GMR,237438,GM,237438,GM,Safe
E206,"Shri Madhwa Vadiraja Institute of Technology and Management, Udupi VISHWOTHAMA NAGAR,",CS,COMPUTER SCIENCE,92140,3AG,73558,3AG,180002,3AG,237586,GM,237586,GM,Safe
E014,"S J C Institute of Technology, Chickkaballapur(AUTONOMOUS) P B NO. 20, B B ROAD, CHICKBALLAPUR, CHICKBALLAPUR (DISTRICT)",CE,COMPUTER ENGINEERING,228233,GMR,241749,3AG,246698,GM,237659,GM,237659,GM,Safe
E292,"Government Engineering College,Mailur,Bidar",AD,AD,56984,3AG,71701,GMR,76335,3AG,237714,3AG,237714,3AG,Safe
E206,"Shri Madhwa Vadiraja Institute of Technology and Management, Udupi VISHWOTHAMA NAGAR,",ME,ME,177804,3AG,177804,3AG,237942,GM,237942,GM,237942,GM,Safe
E265,"Jain College of Engineering and Technology,Hubballi 404/4, 404/5, SAI NAGAR, UNKAL, HUBLI",CE,COMPUTER ENGINEERING,127849,GMR,127849,GMR,260621,GM,238100,GM,238100,GM,Safe
E191,"Akshaya Institute of Technology, Lingapura, Tumkur Dist. LINGAPURA",ME,ME,253437,GMR,222696,GMR,260299,GM,238784,GM,238784,GM,Safe
E266,"BMS College of Architecture,Basavanagudi,Bull Temple Road,,BMSCE Campus,Bangalore",PL2,PL2,-,-,-,-,-,-,238799,GM,238799,GM,Safe
E128,"Sharanbasava University (Formerly Appa Institute of Engineering and Tech) SHARNBASVESHWARA INSTITUTIONS CAMPUS , KALABURAGI ( GULBARGA) -585103 , KARNATAKA",ME,ME,162015,3AG,168190,3AG,245334,GM,238897,GM,238897,GM,Safe
E167,"K L E S's K L E College of Engineering & Technology, Chikkodi, Belgaum Dist. BANANTIKODI ROAD CHIKODI,BELGAUM -591 201,",ME,ME,211918,3AG,176238,3AG,-,-,238960,GM,238960,GM,Safe
E227,"Cauvery institute of Technology, Koppalu gate, Sundahally, Mandya SUNDAHALLI, SIDDAIAHNA KOPPALU GATE, YELIHUR POST, KOTHATHI HOBLI, MANDYA",EC,EC,113352,3AG,107353,GMR,238999,GM,238999,GM,238999,GM,Safe
E146,"Shreedevi Institute of Technology, Mangalore AIRPORT ROAD, KENJAR VILLAGE,MALAVOOR PANCHAYAT,DAKSHINA KANNADA",AN,AN,103176,3AG,103176,3AG,239284,GM,239284,GM,239284,GM,Safe
E144,"Srinivas Institute of Technology, Mangalore SRINIVAS CAMPUS",AM,AM,67414,GMR,76357,GMR,172021,3AR,239332,GM,239332,GM,Safe
E134,"Smt. Kamala & Sri Venkappa M.Agadi College of Engineering & Technology, Gadag SAVANUR ROAD, GULAGANJIKOPPA,LAXMESHWAR DIST: GADAG",EE,EE,159662,3AG,147378,3AG,239336,GM,239336,GM,239336,GM,Safe
E101,"Channabasaveshwara Institute of Technology, Gubbi Herur, Tumkur NH 206 (BH ROAD), GUBBI, TUMKUR. KARNATAKA",CE,COMPUTER ENGINEERING,164314,GMR,175727,GMR,247663,GM,239343,GM,239343,GM,Safe
E134,"Smt. Kamala & Sri Venkappa M.Agadi College of Engineering & Technology, Gadag SAVANUR ROAD, GULAGANJIKOPPA,LAXMESHWAR DIST: GADAG",ME,ME,194595,GMR,194595,GMR,239352,GM,239352,GM,239352,GM,Safe
E127,"M S Engineering College, Bangalore NAVARATHNA AGRAHARA, SADAHALLIPOST, NEAR BIAL, BANGALORE",EC,EC,93728,GMR,93984,GMR,247126,GM,239462,GM,239462,GM,Safe
E035,"Anjuman Institute of Technology & Management, Bhatkal ANJUMANABAD,BHATKAL,(U K DIST), PIN 581320",CS,COMPUTER SCIENCE,139855,3AG,123349,3AG,231892,3AG,239475,GM,239475,GM,Safe
E013,"Ghousia Engineering College, Ramanagara BANGALORE - MYSORE ROAD,RAMANAGARA",EE,EE,119869,GMR,118765,GMR,176673,GMR,239498,GM,239498,GM,Safe
E079,"Acharya Institute of Technology, Soldevanahalli,Chikkabanavara post, Bangalore SOLDEVANAHALLI, HESARAGHATTA MAIN ROAD, CHIKKABANAVARA POST,BANGALORE URBAN",CE,COMPUTER ENGINEERING,100074,GMR,98689,GMR,183882,3AG,239647,GM,239647,GM,Safe
E165,"Yenepoya Institute Of Technology, Mangalore VIDYANAGAR N.H 13THODAR MIJAR POST MOODBIDRI MANGALORE TQ",IOTCS,IOTCS,114650,GMR,114021,3AG,237611,GM,239687,GM,239687,GM,Safe
E063,"S J M Institute of Technology, Chitradurga P B NO 73, NH -4 BYE PASS, CHITRADURGA",ME,ME,188387,GMR,166765,GMR,239792,GM,239792,GM,239792,GM,Safe
E210,"G Madegowda Institute of Technology, Bharathinagara, Maddur, Mandya BHARATHINAGARA (K M DODDY) MADDUR TQ,MANDYA",AM,AM,99446,GMR,97292,GMR,126413,3AG,240017,GM,240017,GM,Safe
E266,"BMS College of Architecture,Basavanagudi,Bull Temple Road,,BMSCE Campus,Bangalore",DES,DES,-,-,-,-,-,-,240123,GM,240123,GM,Safe
E252,"Mysore College Of Engineering and Management,Mysore CHIKAHALLI, VARUNA HOBALI, NEAR BIG BANYAN TREE, TN ROAD,MYSORE",EC,EC,80224,GMR,91734,GMR,148464,GMR,240137,GM,240137,GM,Safe
E174,"Dr. Sri Sri Sri Shivakumara Mahaswamyji College of Engineering, Byranayakanahalli, Bangalore Rural BYARANAYAKANAHALLI,DODDABALE POST,NELAMANGALA TALUK,BANGALORE RURAL DISTRICT",CS,COMPUTER SCIENCE,104609,GMR,96961,3AG,154424,GMR,240303,GM,240303,GM,Safe
E036,"K L E Technological Univeristy, Belgaum Campus (Formerly KLE Dr M.S.Sheshagiri College of Engineering and Technology) UDYAMBAGH,BELGAUM",CH,CH,140790,3AR,174463,3AR,129084,GMR,240348,GM,240348,GM,Safe
E012,"Sir M.Visvesvaraya Institute of Technology, Bangalore KRISHNADEVARAYANAGAR, HUNASAMARANAHALLI, VIA YELAHANKA,BANGALORE - 562 157",ME,ME,75674,GMR,74017,GMR,125076,GMR,240386,GMR,240386,GMR,Safe
E206,"Shri Madhwa Vadiraja Institute of Technology and Management, Udupi VISHWOTHAMA NAGAR,",EC,EC,114977,3AG,108224,3AG,261366,GM,240486,GM,240486,GM,Safe
E013,"Ghousia Engineering College, Ramanagara BANGALORE - MYSORE ROAD,RAMANAGARA",CY,CY,82402,GMR,84376,GMR,125900,GMR,240508,GM,240508,GM,Safe
E300,"AKASH INTITUTE OF ENGINEERING AND TECHNOLOGY PRASANNAHALLI MAIN RAOD, AKKUPETE VILLAGE, KASABA HOBLI",IS,INFORMATION SCIENCE,112119,GMR,103649,GMR,255289,GM,240529,GM,240529,GM,Safe
E169,"Alva's Institute of Engineering & Technology, Moodabidre, D.K (AUTONOMOUS) SHOBHAVANA CAMPUS,MIJAR,MOODBIDRI - 574225,MANGALORE TALUK,DHAKSHINA KANNADA",ME,ME,185865,GMR,161691,GMR,203284,GM,240592,GM,240592,GM,Safe
E314,"CAUVERY COLLEGE OF ENGINEERING KBL LAYOUT, ALANAHALLY MYSORE",DS,DATA SCIENCES,153259,3AR,129875,3AR,240745,GM,240745,GM,240745,GM,Safe
E109,"City Engineering College,Doddakalisandra, Bangalore South DODDAKALLASANDRA, KANAKAPURA ROAD, BANGALORE.",ME,ME,172048,GMR,144065,GMR,240836,GM,-,-,240836,GM,Safe
E031,"B V V Sangha`s Basaveshwara Engineering College , Bagalkote (AUTONOMOUS) NIJALINGAPPA ROAD,BAGALKOT 587102",PE,PRODUCTION ENGINEERING,198288,3AG,164159,GMR,240861,GM,-,-,240861,GM,Safe
E278,"VISVESVARAYA TECHNOLOGICAL UNIVERSITY, BELAGAVI, VIAT, MUDDENAHALLI CAMPUS, CHIKKABALLAPUR Muddenahalli campus,Chickkaballapur",RI,RI,120836,3AR,106920,3AR,158915,3AG,240921,GM,240921,GM,Safe
E312,"NEW EBENEZER INSTITUTE OF TECHNOLOGY HENNUR BAGALUR MAIN ROAD, KOTHNUR POST,",EC,EC,152354,GMR,136709,GMR,240938,GM,240938,GM,240938,GM,Safe
E013,"Ghousia Engineering College, Ramanagara BANGALORE - MYSORE ROAD,RAMANAGARA",RI,RI,113855,3AR,110042,3AR,181376,3AR,241013,GM,241013,GM,Safe
E165,"Yenepoya Institute Of Technology, Mangalore VIDYANAGAR N.H 13THODAR MIJAR POST MOODBIDRI MANGALORE TQ",DS,DATA SCIENCES,104720,3AG,106577,GMR,170599,GMR,241097,GM,241097,GM,Safe
E313,"HARSHA INSTITUTE OF TECHNOLOGY VARADANAYAKANA HALLY VILLAGE, NELAMANGALA TALUK,",CS,COMPUTER SCIENCE,126694,GMR,100955,GMR,136713,3AG,241103,GM,241103,GM,Safe
E162,"Government Engineering College, Raichur RAICHUR-HYDERABAD ROAD YERAMARUS,RAICHUR",CS,COMPUTER SCIENCE,67640,3AR,86355,3AR,130493,3AR,241242,3AG,241242,3AG,Safe
E077,"Vidya Vikas Institute of Engineering & Technology, Mysore #127,ALANAHALLY,ALANAHALLY POST,MYSORE-BANNUR ROAD,MYSORE",CE,COMPUTER ENGINEERING,134405,GMR,119310,3AG,254996,GM,241268,GM,241268,GM,Safe
E159,"Karavali Institute of Technology, Neermarga, Mangalore PADU POST, VIA PEDUMALE,NEERUMARGA,MANGALORE -575029",EC,EC,125738,GMR,120419,GMR,241338,GM,241338,GM,241338,GM,Safe
E168,"Amrutha Institute of Engineering & Management Science (AIEMS), Ramanagar BIDADI INDUSTRIAL AREA, OFF MYSORE ROAD, NEAR TOYOTA KIRLOSKAR MOTORS, BMRDA REGION, BANGALORE",EC,EC,97929,GMR,97929,GMR,153453,GMR,241429,GM,241429,GM,Safe
E013,"Ghousia Engineering College, Ramanagara BANGALORE - MYSORE ROAD,RAMANAGARA",EC,EC,79084,GMR,92048,GMR,142063,GMR,241512,GM,241512,GM,Safe
E100,"K N S Institute of Technology, Bangalore THIRUMENAHALLI, HEGGADENAGAR-KOGILU ROAD, YELAHANKA, BANGALORE-560064",CS,COMPUTER SCIENCE,71474,GMR,77739,GMR,115175,GMR,241656,GMR,241656,GMR,Safe
E046,"H K E's Society's Sir M Visvesvaraya College of Engineering, Raichur YERAMARUS CAMP,RAICHUR-584 135,",ME,ME,241666,GMR,241666,GMR,-,-,-,-,241666,GMR,Safe
E094,"Coorg Institute of Technology, Kunda, Ponnampet POST BOX NO.11,COORG",EC,EC,105609,GMR,121075,GMR,242046,GM,242046,GM,242046,GM,Safe
E136,"Moodalakatte Institute of Technology, Kundapura, Udupi MOODLAKATTE,KUNDAPURA TALUK,UDUPI DISTRICT",DS,DATA SCIENCES,128453,3AG,128453,3AG,118353,GMR,242081,GM,242081,GM,Safe
E202,"Sampoorna Group of Institutions, Channapatana, Ramanagara District BELEKERE, MALLUR HOBLI, CHANNAPATNA TALUK, RAMANAGAR,DISTRICT",EC,EC,134096,3AG,123819,GMR,242230,GM,242230,GM,242230,GM,Safe
E124,"Rajiv Gandhi Institute of Technology, Bangalore CHOLANGAR,R.T.NAGAR POST, HEBBAL,BANGALORE-560032",EC,EC,90451,GMR,76856,3AG,143695,3AR,242328,GM,242328,GM,Safe
E177,"Rajeev Institute of Technology, Hassan PLOT 1-D(P-1), GROWTH CENTRE, INDUSTRIAL AREA, BANGALORE MANGALORE BYPASS ROAD",ME,ME,228865,3AR,189356,3AR,242363,GM,-,-,242363,GM,Safe
E087,"Vivekananada Institute of Technology, Kengeri, Bangalore GUDIMAVU VILLAGE ,KENGERI(HOBLI)NEAR KUMBALAGODU,BANGALORE",CE,COMPUTER ENGINEERING,170525,GMR,129601,GMR,254087,GM,242374,GM,242374,GM,Safe
E254,"A J Institute Of Engineering And Technology.Kottar chowki Boloor Village Mangalore KOTTARA CHOWKI BOLOOR VILLAGE,DAKSHINA KANNADA",AM,AM,81154,3AG,81273,GMR,138965,3AG,242426,GMR,242426,GMR,Safe
E301,"KISHKINDA UNIVERSITY BALLARI INSTITUTE OF TECHNOLOGY & MANAGEMENT (BITM) CAMPUS, BALLARI-HOSPET ROAD, NEAR ALLIPUR, BALLARI-583104",EE,EE,195654,3AG,153429,3AG,245751,GM,242452,GM,242452,GM,Safe
E216,"Shetty Institute of Technology,Gulbarga 5TH KM RAJAPUR SHAHABAD ROAD GULBARGA",EE,EE,223168,3AG,158459,3AG,242465,GM,-,-,242465,GM,Safe
E199,"AGM Rural Engineering College, Varur, Hubli NH-4, P.B. ROAD OPP VRL HEAD OFFICE VARUR.,DHARWAD",EC,EC,130167,3AG,108770,3AG,146756,3AG,242801,GM,242801,GM,Safe
E313,"HARSHA INSTITUTE OF TECHNOLOGY VARADANAYAKANA HALLY VILLAGE, NELAMANGALA TALUK,",AM,AM,140277,GMR,116499,GMR,200886,GMR,242818,GM,242818,GM,Safe
E144,"Srinivas Institute of Technology, Mangalore SRINIVAS CAMPUS",CS,COMPUTER SCIENCE,74677,3AG,73497,GMR,139148,3AG,242842,GM,242842,GM,Safe
E303,"GM University KARUR VILLAGE, KASABA HOBLI, DAVANGERE TALUK AND DISTRICT",IOT,COMPUTER SCIENCE AND ENGG(INTERNET OF THINGS),179267,3AG,130614,3AG,242885,GM,242885,GM,242885,GM,Safe
E120,"Jnanavikasa Institute of Technology, Bidadi,Ramanagar VIDYA SOUDHA, 32ND K.M.BANGALORE - MYSORE HIGH WAY,",EC,EC,112026,GMR,109792,GMR,259584,GM,242956,GM,242956,GM,Safe
E076,"Proudadevaraya Institute of Technology, Hospet SHAH BHAVARLAL BABULAL NAHAR CAMPUS,T.B.DAM ROAD, BESIDE TSP LIMITED,HOSPET - 583225,BELLARY DISTRICT",EE,EE,144036,GM,133400,GM,254384,GM,243050,GM,243050,GM,Safe
E205,"ATME College of Engineering, Mysore SY.NO.1002, HAROHALLI (MELLAHALLI),MYSORE",CE,COMPUTER ENGINEERING,141655,3AG,138503,3AG,243553,GM,243119,GM,243119,GM,Safe
E147,"T.John Institute of technology, Bangalore #86/1, KAMMANAHALLI,GOTTIGERE,BANNERUGATTA ROAD,BANGALORE",EC,EC,88414,3AR,98007,3AR,172384,3AR,243154,GM,243154,GM,Safe
E112,"Sri Krishna Institute of Technology, Bangalore NO. 29, HESARAGHATTA MAIN ROAD,CHIMNEY HILLS, CHIKKABANAVARA POST,BANGALORE - 560090",VL,VL,133634,GMR,121833,GMR,255446,GM,243157,GM,243157,GM,Safe
E210,"G Madegowda Institute of Technology, Bharathinagara, Maddur, Mandya BHARATHINAGARA (K M DODDY) MADDUR TQ,MANDYA",EE,EE,146408,3AG,133678,GMR,219963,GMR,243237,GMR,243237,GMR,Safe
E116,"R.L.Jalappa Institute of Technology, Doddaballapura KODIGEHALLI, DODDABALLAPUR-561203, BANGALORE RURAL",DS,DATA SCIENCES,116078,GMR,106542,GMR,193510,GMR,243305,GM,243305,GM,Safe
E181,"Sri Basaveswara Institute of Technology, Madenur Gate, B.H. Road, Tiptur",CE,COMPUTER ENGINEERING,250994,GM,247780,GMR,243349,GM,243349,GM,243349,GM,Safe
E169,"Alva's Institute of Engineering & Technology, Moodabidre, D.K (AUTONOMOUS) SHOBHAVANA CAMPUS,MIJAR,MOODBIDRI - 574225,MANGALORE TALUK,DHAKSHINA KANNADA",EC,EC,82156,GMR,86479,GMR,123393,GMR,243380,GM,243380,GM,Safe
E300,"AKASH INTITUTE OF ENGINEERING AND TECHNOLOGY PRASANNAHALLI MAIN RAOD, AKKUPETE VILLAGE, KASABA HOBLI",DS,DATA SCIENCES,106268,GMR,89976,GMR,183228,GMR,243396,GM,243396,GM,Safe
E054,"K V G College of Engineering, Sullia KURUNJIBHAG,",CS,COMPUTER SCIENCE,105548,3AG,110565,GMR,217128,GMR,243478,GM,243478,GM,Safe
E081,"SRI SIDDHARTHA SCHOOL OF ENGINEERING, TUMKUR NH-4, KESARAMADU POST, KYATHASANDRA,TUMKUR",EC,EC,96712,3AR,111172,3AR,150390,3AG,243515,GM,243515,GM,Safe
E153,"S E A College of Engineering & Technology, Virgonagar, Bangalore EKTA NAGAR, BASAVANAPURA, VIRGO NAGAR POST, BANGALORE - 560 049.",CS,COMPUTER SCIENCE,83044,GMR,77537,GMR,112109,GMR,243607,GMR,243607,GMR,Safe
E087,"Vivekananada Institute of Technology, Kengeri, Bangalore GUDIMAVU VILLAGE ,KENGERI(HOBLI)NEAR KUMBALAGODU,BANGALORE",IS,INFORMATION SCIENCE,80380,3AR,78223,3AR,129047,3AR,243681,GM,243681,GM,Safe
E171,"Brindavan College of Engineering, Yelahanaka, Bangalore DWARAKANAGARA, BAGALUR MAIN ROAD,YELAHANKA, BANGALORE - 560 063",IS,INFORMATION SCIENCE,85604,GMR,80380,GMR,105352,GMR,243773,GM,243773,GM,Safe
E046,"H K E's Society's Sir M Visvesvaraya College of Engineering, Raichur YERAMARUS CAMP,RAICHUR-584 135,",EC,EC,124350,GMR,114963,GMR,243836,GM,243836,GM,243836,GM,Safe
E028,"Tontadarya College of Engineering, Gadag MUNDARAGI ROAD ,GADAG - 582101",AG,AG,79900,GMR,86307,GMR,173247,GMR,243864,GM,243864,GM,Safe
E210,"G Madegowda Institute of Technology, Bharathinagara, Maddur, Mandya BHARATHINAGARA (K M DODDY) MADDUR TQ,MANDYA",CE,COMPUTER ENGINEERING,188765,3AR,236740,3AR,243953,GM,243953,GM,243953,GM,Safe
E193,Srinivas University SRINIVAS CAMPUS MUKKA MANGALURU,EC,EC,130536,GMR,112682,GMR,244127,GM,244127,GM,244127,GM,Safe
E181,"Sri Basaveswara Institute of Technology, Madenur Gate, B.H. Road, Tiptur",EE,EE,171784,3AG,157499,GMR,244207,GM,-,-,244207,GM,Safe
E129,"St.Joseph Engineering College, Mangalore(AUTONOMOUS) MANGALORE",VL,VL,89848,3AG,73922,GMR,85667,3AG,244304,GM,244304,GM,Safe
E037,"K.L.S. Gogte Institute of Technology, Belgaum.(AUTONOMOUS) ""JNANA GANGA"", UDYAMBAG,BELGAUM",DES,DES,159589,3AG,198288,3AG,244310,GM,244310,GM,244310,GM,Safe
E045,"Rao Bahadur Y.Mahabaleswarappa Engineering College, Bellary CONTONMENT, BELLARY-583104",CY,CY,84167,GM,84167,GM,188673,3AG,244375,GM,244375,GM,Safe
E032,"R.T.E. Soceity's Rural Engineering College, Hulkoti HULKOTI -582 205,GADAG",CS,COMPUTER SCIENCE,88993,GMR,104644,3AG,126275,3AG,244461,GM,244461,GM,Safe
E123,"Canara Engineering College Bantwal, BENJANAPADAVU,BANTWAL,PIN 574219,DAKSHINA KANNADA DIST,",EC,EC,83957,3AG,87240,3AG,244472,GM,244472,GM,244472,GM,Safe
E028,"Tontadarya College of Engineering, Gadag MUNDARAGI ROAD ,GADAG - 582101",ME,ME,149782,GMR,149782,GMR,244553,GM,-,-,244553,GM,Safe
E306,"THE CHANAKYA UNIVERSITY NO 29 HARALURU, DEVANAHALLI TALUK (NEAR BENGALURU INTERNATIONLA AIRPORT)",ME,ME,139144,3AR,146427,3AR,222696,3AR,244685,GM,244685,GM,Safe
E172,"R.R. Institute of Technology, Chikkabanavara, Bangalore(AUTONOMOUS) NO. 67, RAJA REDDY LAYOUT,NEAR CHIKKABANAVARA RAILWAY STATION,CHIKKABANAVARA,BANGALORE - 560090",CE,COMPUTER ENGINEERING,216644,3AR,203448,3AR,244702,GM,-,-,244702,GM,Safe
E292,"Government Engineering College,Mailur,Bidar",CE,COMPUTER ENGINEERING,102943,GMR,145361,GMR,149620,GMR,244768,GM,244768,GM,Safe
E094,"Coorg Institute of Technology, Kunda, Ponnampet POST BOX NO.11,COORG",AD,AD,88768,GMR,106223,GMR,114480,GMR,244801,GM,244801,GM,Safe
E198,"Sharanbasava University (Exclusively for Women) (Formerly Goduati Engineering College For Women) SHARNBASVESHWARA INSTITUTIONS CAMPUS , KALABURAGI ( GULBARGA) -585103 , KARNATAKA",EC,EC,112802,GMR,109049,GMR,156768,GMR,244991,GM,244991,GM,Safe
E035,"Anjuman Institute of Technology & Management, Bhatkal ANJUMANABAD,BHATKAL,(U K DIST), PIN 581320",EC,EC,145512,3AG,134116,3AG,245021,GM,-,-,245021,GM,Safe
E147,"T.John Institute of technology, Bangalore #86/1, KAMMANAHALLI,GOTTIGERE,BANNERUGATTA ROAD,BANGALORE",IS,INFORMATION SCIENCE,86702,GMR,85644,GMR,151470,3AR,245037,GM,245037,GM,Safe
E210,"G Madegowda Institute of Technology, Bharathinagara, Maddur, Mandya BHARATHINAGARA (K M DODDY) MADDUR TQ,MANDYA",CD,COMMUNICATION DESIGN,137310,3AG,130998,GMR,245085,GM,245085,GM,245085,GM,Safe
E100,"K N S Institute of Technology, Bangalore THIRUMENAHALLI, HEGGADENAGAR-KOGILU ROAD, YELAHANKA, BANGALORE-560064",ME,ME,231298,3AR,191332,3AR,245138,GM,245138,GM,245138,GM,Safe
E225,"SJB School of Achitecture & Planning, Uthrahalli Road, Kengeri, Bangalore 67 BGS Health and Education City, Uttarahalli Road, Kengeri, Bangalore",VL,VL,125014,GMR,-,-,216953,GM,245246,GM,245246,GM,Safe
E047,"Malnad College of Engineering, Hassan(AUTONOMOUS) P.B. NO. 21, SALAGAME ROAD,HASSSAN",VL,VL,79304,GMR,68946,GMR,113934,GMR,245259,GMR,245259,GMR,Safe
E213,"Lingarajappa Engineering College, Bidar SURVEY NO. 25/1, GORNALLI ,BIDAR",EC,EC,125743,GM,124458,GM,245353,GM,245353,GM,245353,GM,Safe
E011,"M V J College of Engineering, Bangalore(AUTONOMOUS) NEAR ITPB,CHANNASANDRA,KADUGODI POST,BANGALORE",IOT,COMPUTER SCIENCE AND ENGG(INTERNET OF THINGS),76420,3AR,99075,3AR,199859,3AR,245362,GM,245362,GM,Safe
E213,"Lingarajappa Engineering College, Bidar SURVEY NO. 25/1, GORNALLI ,BIDAR",CE,COMPUTER ENGINEERING,192273,GMR,245422,GMR,-,-,-,-,245422,GMR,Safe
E299,"Ghousia Institute of Technology for Women, Bangalore Hosur Road, DRC Post, Banglaore-29",CS,COMPUTER SCIENCE,93886,GMR,88758,GMR,202897,GMR,245503,GM,245503,GM,Safe
E202,"Sampoorna Group of Institutions, Channapatana, Ramanagara District BELEKERE, MALLUR HOBLI, CHANNAPATNA TALUK, RAMANAGAR,DISTRICT",AD,AD,100296,3AG,100296,3AG,229567,GMR,245626,GM,245626,GM,Safe
E199,"AGM Rural Engineering College, Varur, Hubli NH-4, P.B. ROAD OPP VRL HEAD OFFICE VARUR.,DHARWAD",EE,EE,166551,3AG,141557,3AG,231528,GMR,245683,GM,245683,GM,Safe
E272,"Government Engineering College, Talakal, Koppal TALAKAL,TALUKA: YALABURGA, DIST: KOPPAL, KARNATAKA, PIN 583238",CE,COMPUTER ENGINEERING,155108,GMR,170292,GMR,256509,GM,245786,GM,245786,GM,Safe
E206,"Shri Madhwa Vadiraja Institute of Technology and Management, Udupi VISHWOTHAMA NAGAR,",AM,AM,79389,3AG,82500,3AG,82500,3AG,245821,GM,245821,GM,Safe
E239,"East West College Of Engineering, Yelahanka,Bangalore NO.13 SECTOR ""A"", YELAHANKA NEW TOWN,YELAHANKA, BANGALORE-560064",AG,AG,105994,GMR,105994,GMR,196781,GMR,245947,GM,245947,GM,Safe
E172,"R.R. Institute of Technology, Chikkabanavara, Bangalore(AUTONOMOUS) NO. 67, RAJA REDDY LAYOUT,NEAR CHIKKABANAVARA RAILWAY STATION,CHIKKABANAVARA,BANGALORE - 560090",IOTCS,IOTCS,88218,GMR,81880,GMR,142317,GMR,245969,GM,245969,GM,Safe
E186,"ACS College of Engineering, Mysore Road, Bangalore 207,KAMBIPURA, MYSORE ROAD, KENGERI HOBLI,BANGALORE - 560074.",BM,BM,83593,GMR,87909,GMR,228541,GMR,246107,GM,246107,GM,Safe
E042,"Khaja Bandanawaz University KBN University Street, Khaja Colony, Kalaburagi, Karnataka 585104",CE,COMPUTER ENGINEERING,168123,GMR,168123,GMR,246200,GM,246200,GM,246200,GM,Safe
E094,"Coorg Institute of Technology, Kunda, Ponnampet POST BOX NO.11,COORG",AM,AM,81757,GMR,86740,3AG,129122,GMR,246342,GM,246342,GM,Safe
E311,"RATHINAM INSTITUTE OF TECHNOLOGY DODDAKAMMANAHALLY VILLAGE, BEGUR HOBLI,",DS,DATA SCIENCES,182352,3AR,128055,3AR,246357,GM,-,-,246357,GM,Safe
E144,"Srinivas Institute of Technology, Mangalore SRINIVAS CAMPUS",AD,AD,86718,GMR,82686,GMR,131242,GMR,246386,GM,246386,GM,Safe
E130,"Shridevi Institute of Engineering & Technology, Tumkur MARELENAHALLY,SIRA ROAD ,TUMKUR",EE,EE,114446,GMR,112859,GMR,246427,GMR,246427,GM,246427,GM,Safe
E300,"AKASH INTITUTE OF ENGINEERING AND TECHNOLOGY PRASANNAHALLI MAIN RAOD, AKKUPETE VILLAGE, KASABA HOBLI",AM,AM,100816,GMR,98055,GMR,158997,GMR,246470,GM,246470,GM,Safe
E152,"S D M Institute of Tech., Ujire, Dakshina Kannada UJIRE-574240 DAKSHINA KANNADA KARNATAKA",EC,EC,87485,GMR,90553,GMR,255897,GM,246747,GM,246747,GM,Safe
E209,"Jyothi Institute of Technology, Kanakapura Road,Bangalore ,BANGALORE",CE,COMPUTER ENGINEERING,216862,3AR,216862,3AR,261588,GM,246755,GM,246755,GM,Safe
E311,"RATHINAM INSTITUTE OF TECHNOLOGY DODDAKAMMANAHALLY VILLAGE, BEGUR HOBLI,",CS,COMPUTER SCIENCE,108740,GMR,108740,GMR,246800,GM,246800,GM,246800,GM,Safe
E237,"PRESIDENCY University ITGALPURA, RAJANUKUNTE, YELAHANKA, BENGALURU - 560 064",PE2,PE2,87206,3AR,124016,3AR,124016,3AR,246952,GM,246952,GM,Safe
E109,"City Engineering College,Doddakalisandra, Bangalore South DODDAKALLASANDRA, KANAKAPURA ROAD, BANGALORE.",IOTCS,IOTCS,89384,GMR,83202,GMR,137844,GMR,247130,GM,247130,GM,Safe
E315,VTU CONSTITUENT ENGINEERING COLLEGE - GOKAK,AM,AM,-,-,-,-,-,-,247140,GM,247140,GM,Safe
E303,"GM University KARUR VILLAGE, KASABA HOBLI, DAVANGERE TALUK AND DISTRICT",EC,EC,101851,GMR,96778,3AG,122650,3AG,247153,GM,247153,GM,Safe
E176,"Navodaya Institute of Technology, Raichur(AUTONOMOUS) NAVODAYA NAGAR, MANATRALAYAM ROAD, RAICHUR",EC,EC,121913,GMR,111970,GMR,261321,GM,247156,GM,247156,GM,Safe
E227,"Cauvery institute of Technology, Koppalu gate, Sundahally, Mandya SUNDAHALLI, SIDDAIAHNA KOPPALU GATE, YELIHUR POST, KOTHATHI HOBLI, MANDYA",CS,COMPUTER SCIENCE,103381,GMR,101080,GMR,147030,GMR,247215,GM,247215,GM,Safe
E032,"R.T.E. Soceity's Rural Engineering College, Hulkoti HULKOTI -582 205,GADAG",EC,EC,106406,3AG,106406,3AG,162749,3AG,247252,GM,247252,GM,Safe
E042,"Khaja Bandanawaz University KBN University Street, Khaja Colony, Kalaburagi, Karnataka 585104",ME,ME,227865,GMR,227865,GMR,247317,GM,247317,GM,247317,GM,Safe
E210,"G Madegowda Institute of Technology, Bharathinagara, Maddur, Mandya BHARATHINAGARA (K M DODDY) MADDUR TQ,MANDYA",CS,COMPUTER SCIENCE,104900,GMR,99446,GMR,167789,GMR,247460,GM,247460,GM,Safe
E154,"Government Engineering College, Chamarajanagara GOVERNMENT POLYTECHNIC CAMPUS,NANJANGUD ROAD,CHAMARAJANAGARA",ME,ME,173976,GMR,178177,GMR,261944,GM,247480,GM,247480,GM,Safe
E128,"Sharanbasava University (Formerly Appa Institute of Engineering and Tech) SHARNBASVESHWARA INSTITUTIONS CAMPUS , KALABURAGI ( GULBARGA) -585103 , KARNATAKA",ENE,ENE,104560,GM,112824,GM,247485,GM,247485,GM,247485,GM,Safe
E109,"City Engineering College,Doddakalisandra, Bangalore South DODDAKALLASANDRA, KANAKAPURA ROAD, BANGALORE.",EC,EC,89376,GMR,82948,GMR,160092,GMR,247518,GM,247518,GM,Safe
E193,Srinivas University SRINIVAS CAMPUS MUKKA MANGALURU,CY,CY,120827,GMR,120827,GMR,254554,GM,247632,GM,247632,GM,Safe
E309,"CONSTITUENT COLLEGE OF VTU, CHINTAMANI CHIKABALLAPURA DIST CHIKBALLAPURA",EC,EC,131957,3AG,131957,3AG,247635,GM,247635,GM,247635,GM,Safe
E119,"K C T Engineering College, Gulbarga KCT CAMPUS",CE,COMPUTER ENGINEERING,175402,GM,247663,GMR,-,-,-,-,247663,GMR,Safe
E093,"Basavakalyana Engineering College, Basavakalyana, Bidar District N.H.9 ,BASAVAKALYAN-585327,DIST. BIDAR",CS,COMPUTER SCIENCE,98912,GMR,101346,GMR,163518,GMR,247711,GM,247711,GM,Safe
E078,"The Oxford College of Engineering, Bangalore HOSUR ROAD,BOMMANAHALLI,BANGALORE",ME,ME,133981,3AR,111208,3AR,252352,GM,247732,GM,247732,GM,Safe
E172,"R.R. Institute of Technology, Chikkabanavara, Bangalore(AUTONOMOUS) NO. 67, RAJA REDDY LAYOUT,NEAR CHIKKABANAVARA RAILWAY STATION,CHIKKABANAVARA,BANGALORE - 560090",ME,ME,196322,GMR,168851,GMR,258133,GM,247832,GM,247832,GM,Safe
E238,"Mysuru Royal Institute Of Technology,Lakshmipura road,Mysuru LAKSHMIPURA ROAD, OFF MYSURU -BENGALURU HIGHWAY,MANDYA",CS,COMPUTER SCIENCE,92945,GMR,86889,GMR,126910,GMR,247900,GM,247900,GM,Safe
E191,"Akshaya Institute of Technology, Lingapura, Tumkur Dist. LINGAPURA",AG,AG,106915,GMR,125148,3AG,244985,GMR,247920,GM,247920,GM,Safe
E124,"Rajiv Gandhi Institute of Technology, Bangalore CHOLANGAR,R.T.NAGAR POST, HEBBAL,BANGALORE-560032",ME,ME,238898,3AR,158350,3AR,247921,GM,-,-,247921,GM,Safe
E081,"SRI SIDDHARTHA SCHOOL OF ENGINEERING, TUMKUR NH-4, KESARAMADU POST, KYATHASANDRA,TUMKUR",CY,CY,107992,GMR,100404,GMR,248242,GM,248242,GM,248242,GM,Safe
E189,"NAVKIS COLLEGE OF ENGINEERING, KIADB Industrial Area,Thimmanahally, Hassan P.B.NO. 55, NH-48, KIADB INDUSTRIAL AREA, THIMMANAHALLY, HASSAN-573201",CS,COMPUTER SCIENCE,98325,3AR,83321,3AR,137510,3AR,248243,GM,248243,GM,Safe
E054,"K V G College of Engineering, Sullia KURUNJIBHAG,",AM,AM,117117,3AG,121772,GMR,248344,GM,248344,GM,248344,GM,Safe
E180,"Beary's Institute of Technology, Boliar Village,Bantwal Tq, Mangalore LANDS END, INNOLI,BOLIYAR VILLAGE,NEAR MANGALORE UNIVERSITY,MANGALORE-574 153",CE,COMPUTER ENGINEERING,248367,GMR,248367,GMR,248367,GM,-,-,248367,GM,Safe
E152,"S D M Institute of Tech., Ujire, Dakshina Kannada UJIRE-574240 DAKSHINA KANNADA KARNATAKA",CS,COMPUTER SCIENCE,60560,3AG,67471,3AG,135636,3AG,248504,GM,248504,GM,Safe
E098,"Atria Institute of Technology, Anand Nagar, Hebbal PO, Bangalore (AUTONOMOUS) ASKB CAMPUS, AG'S COLONY, 1ST MAIN, ANANDNAGAR,BANGALORE",ME,ME,162325,3AR,139699,3AR,232933,3AG,248536,GM,248536,GM,Safe
E254,"A J Institute Of Engineering And Technology.Kottar chowki Boloor Village Mangalore KOTTARA CHOWKI BOLOOR VILLAGE,DAKSHINA KANNADA",VL,VL,177447,3AG,152925,3AG,247387,GM,248776,GM,248776,GM,Safe
E313,"HARSHA INSTITUTE OF TECHNOLOGY VARADANAYAKANA HALLY VILLAGE, NELAMANGALA TALUK,",DS,DATA SCIENCES,171358,3AR,122988,3AR,248794,GM,248794,GM,248794,GM,Safe
E171,"Brindavan College of Engineering, Yelahanaka, Bangalore DWARAKANAGARA, BAGALUR MAIN ROAD,YELAHANKA, BANGALORE - 560 063",CE,COMPUTER ENGINEERING,161110,GMR,161110,GMR,248937,GM,248799,GM,248799,GM,Safe
E149,"Cambridge Institutute of Technology, K.R.Puram, Bangalore(AUTONOMOUS) K R PURAM,BANGALORE",CE,COMPUTER ENGINEERING,110019,GMR,135330,GMR,229490,GMR,248830,GM,248830,GM,Safe
E203,"K S School of Engineering & Management, Mallasandra, Bangalore #15/1, MALLASANDRA, OFF KANAKAPURA ROAD, BANGALORE - 560062",EC,EC,91816,GMR,84738,GMR,137989,GMR,248871,GM,248871,GM,Safe
E078,"The Oxford College of Engineering, Bangalore HOSUR ROAD,BOMMANAHALLI,BANGALORE",MC,MC,84976,GMR,113247,GMR,248945,GM,248945,GM,248945,GM,Safe
E144,"Srinivas Institute of Technology, Mangalore SRINIVAS CAMPUS",EC,EC,98191,GMR,98191,GMR,248969,GM,248969,GM,248969,GM,Safe
E169,"Alva's Institute of Engineering & Technology, Moodabidre, D.K (AUTONOMOUS) SHOBHAVANA CAMPUS,MIJAR,MOODBIDRI - 574225,MANGALORE TALUK,DHAKSHINA KANNADA",AG,AG,101552,GMR,98479,3AG,184939,GMR,248989,GM,248989,GM,Safe
E307,SESHADRIPURAM INSTITUTE OF TECHNOLOGY MYSURU MYSURU,IS,INFORMATION SCIENCE,89925,GMR,90582,GMR,147380,GMR,249060,GM,249060,GM,Safe
E176,"Navodaya Institute of Technology, Raichur(AUTONOMOUS) NAVODAYA NAGAR, MANATRALAYAM ROAD, RAICHUR",ME,ME,189215,GM,189215,GM,249078,GM,-,-,249078,GM,Safe
E106,"East West Institute Of Technology,Bangalore(AUTONOMOUS) SY. NO.63, OFF MAGADI MAIN ROAD, VISHWANEEDAM POST,BANGALORE",CE,COMPUTER ENGINEERING,145623,3AR,140790,3AR,257662,GM,249281,GM,249281,GM,Safe
E297,"ADITYA COLLEGE OF ENGINEERING AND TECHNOLOGY SURVEY NO 2/8 2/9 AND 2/2, KAMAKSHIPURA, SONNENAHALLI PANCHAYATH, HESARAGHATTA HOBLI, YELAHANKA",AM,AM,87015,GMR,78651,3AG,134178,GMR,249342,GM,249342,GM,Safe
E064,"Adhichunchanagiri Institute of Technology, Chickamagalur ADICHUNCHANAGIRI EXTENTION,JYOTHINAGAR,CHIKMAGALUR - 577102",ME,ME,193987,GMR,169906,GMR,249347,GM,-,-,249347,GM,Safe
E043,"Gurunanak Dev Engineering College, Bidar MAILOOR ROAD,BIDAR 585403",EE,EE,148783,GMR,130617,GMR,257553,GM,249383,GM,249383,GM,Safe
E181,"Sri Basaveswara Institute of Technology, Madenur Gate, B.H. Road, Tiptur",EC,EC,135491,3AR,127597,3AR,249526,GM,-,-,249526,GM,Safe
E103,"Global Academy of Technology, Bangalore(AUTONOMOUS) IDEAL HOMES TOWNSHIP,RAJARAJESHWARINAGAR,BANGALORE-560098",ME,ME,96151,GMR,112571,GMR,177816,GMR,249551,GM,249551,GM,Safe
E221,"Biluru Gurubasava Mahaswamiji Institute of Technology,Mudhol,Bagalkote. MANTUR ROAD, MUDHOL,BAGALKOTE",EC,EC,133468,3AG,118063,GMR,255039,GM,249621,GM,249621,GM,Safe
E038,"BLDEA's VP. Dr.P.G. Hallakatti College of Engineering & Technology, Bijapur ASHRAM ROAD,BIJAPUR - 586103",EE,EE,120335,3AG,94807,3AG,214251,GMR,249630,GM,249630,GM,Safe
E045,"Rao Bahadur Y.Mahabaleswarappa Engineering College, Bellary CONTONMENT, BELLARY-583104",AM,AM,91245,GMR,91245,GMR,123397,GMR,249646,3AG,249646,3AG,Safe
E188,"Vijaya Vittala Institute of Technology, Doddagubbi, Hennur Bagalur Road, Bangalore #35/1, DODDA GUBBI POST, HENNUR-BAGALURU ROAD,BANGALORE",AM,AM,107676,GMR,101610,GMR,163459,GMR,249680,GM,249680,GM,Safe
E092,"Vemana Institute of Technology, Bangalore #1, MAHAYOGI VEMANA ROAD, 3RD BLOCK, KORMANGALA, BANGALORE -560034.",CE,COMPUTER ENGINEERING,176194,GMR,216644,3AR,249717,GM,-,-,249717,GM,Safe
E124,"Rajiv Gandhi Institute of Technology, Bangalore CHOLANGAR,R.T.NAGAR POST, HEBBAL,BANGALORE-560032",BM,BM,52641,3AG,56443,3AG,150661,GMR,249717,GM,249717,GM,Safe
E300,"AKASH INTITUTE OF ENGINEERING AND TECHNOLOGY PRASANNAHALLI MAIN RAOD, AKKUPETE VILLAGE, KASABA HOBLI",CS,COMPUTER SCIENCE,90434,GMR,86351,GMR,133094,GMR,249741,GM,249741,GM,Safe
E045,"Rao Bahadur Y.Mahabaleswarappa Engineering College, Bellary CONTONMENT, BELLARY-583104",CE,COMPUTER ENGINEERING,206827,GMR,160593,3AG,253039,GM,249772,GM,249772,GM,Safe
E035,"Anjuman Institute of Technology & Management, Bhatkal ANJUMANABAD,BHATKAL,(U K DIST), PIN 581320",AM,AM,140769,3AG,136562,3AG,249777,GM,249777,GM,249777,GM,Safe
E220,"ALLIANCE University Central Campus, Chikkahadage Cross Chandapura-Anekal, Main Road, Bengaluru, Karnataka 562106",CE,COMPUTER ENGINEERING,121134,GMR,116989,GMR,249802,GM,249802,GM,249802,GM,Safe
E191,"Akshaya Institute of Technology, Lingapura, Tumkur Dist. LINGAPURA",AD,AD,116568,3AR,97042,3AR,146368,3AR,249812,GM,249812,GM,Safe
E300,"AKASH INTITUTE OF ENGINEERING AND TECHNOLOGY PRASANNAHALLI MAIN RAOD, AKKUPETE VILLAGE, KASABA HOBLI",AD,AD,99029,GMR,95637,GMR,148794,GMR,249874,GM,249874,GM,Safe
E101,"Channabasaveshwara Institute of Technology, Gubbi Herur, Tumkur NH 206 (BH ROAD), GUBBI, TUMKUR. KARNATAKA",EC,EC,78128,3AG,77734,GMR,106882,3AG,249876,GM,249876,GM,Safe
E028,"Tontadarya College of Engineering, Gadag MUNDARAGI ROAD ,GADAG - 582101",EC,EC,108770,3AG,112677,3AG,139855,3AG,249900,GMR,249900,GMR,Safe
E059,"P D A College of Engineering, Gulbarga(AUTONOMOUS) AIWAN-E-SHAHI AREA,STATION ROAD,GULBARGA-585102",CE,COMPUTER ENGINEERING,186377,GMR,185054,GMR,257957,GM,249914,GM,249914,GM,Safe
E309,"CONSTITUENT COLLEGE OF VTU, CHINTAMANI CHIKABALLAPURA DIST CHIKBALLAPURA",AM,AM,108834,GMR,111216,GMR,249996,GM,249996,GM,249996,GM,Safe
E085,"APS College of Engineering, Somanahalli, Bangalore 26 KM KANAKAPURA ROAD BANGALORE 82,BANGALORE URBAN",IS,INFORMATION SCIENCE,66966,3AG,68428,3AG,104070,GMR,249997,GM,249997,GM,Safe
E095,"AMC Engineering College, Bannerghatta Road, Bangalore(AUTONOMOUS) 18KM,BANNERAGHATTA ROAD,KALKERE,BANGALORE-560083,BANGALORE URBAN",ME,ME,137527,GMR,126094,GMR,208560,3AG,250085,GM,250085,GM,Safe
E033,"Sri Taralabalu Jagadguru Institute of Technology, Ranebennur P B ROAD (NH4),RANEBENNUR-581 115,HAVERI DISTRICT",IS,INFORMATION SCIENCE,112586,GMR,107097,GMR,229081,GMR,250137,GM,250137,GM,Safe
E199,"AGM Rural Engineering College, Varur, Hubli NH-4, P.B. ROAD OPP VRL HEAD OFFICE VARUR.,DHARWAD",ME,ME,187792,3AG,247892,3AR,250154,GM,-,-,250154,GM,Safe
E177,"Rajeev Institute of Technology, Hassan PLOT 1-D(P-1), GROWTH CENTRE, INDUSTRIAL AREA, BANGALORE MANGALORE BYPASS ROAD",AM,AM,81220,GMR,84133,GMR,95027,GMR,250201,GM,250201,GM,Safe
E184,"C Byre Gowda Institute of Technology, Thoradevandahalli Village, Kolar SRINIVASPURA ROAD, THORADEVANDAHALLI, KOLAR-563101",EC,EC,151103,GMR,135817,GMR,250220,GM,250220,GM,250220,GM,Safe
E204,"Bangalore Technological Institute, Sarjapura Road, Bangalore SY NO.66/6,66/5,67/6,&67/5, KODATHI VILLAGE, VARTHOOR HOBLI,BANGALORE EAST TQ BANGALORE URBAN",AM,AM,73529,GMR,74510,GMR,102172,GMR,250288,GM,250288,GM,Safe
E146,"Shreedevi Institute of Technology, Mangalore AIRPORT ROAD, KENJAR VILLAGE,MALAVOOR PANCHAYAT,DAKSHINA KANNADA",EC,EC,132830,3AG,135441,3AG,241476,GM,250441,GM,250441,GM,Safe
E132,"Secab Institute of Engineering & Technology, Bijapur 424, NAURASPUR, BAGALKOT ROAD, HUDCO CROSS,BIJAPUR-586101",EE,EE,224856,3AG,144531,GMR,250502,GM,250502,GM,250502,GM,Safe
E136,"Moodalakatte Institute of Technology, Kundapura, Udupi MOODLAKATTE,KUNDAPURA TALUK,UDUPI DISTRICT",IS,INFORMATION SCIENCE,116445,3AG,116445,3AG,250512,3AG,250512,GM,250512,GM,Safe
E172,"R.R. Institute of Technology, Chikkabanavara, Bangalore(AUTONOMOUS) NO. 67, RAJA REDDY LAYOUT,NEAR CHIKKABANAVARA RAILWAY STATION,CHIKKABANAVARA,BANGALORE - 560090",EE,EE,103648,GMR,99712,GMR,250641,GM,250641,GM,250641,GM,Safe
E204,"Bangalore Technological Institute, Sarjapura Road, Bangalore SY NO.66/6,66/5,67/6,&67/5, KODATHI VILLAGE, VARTHOOR HOBLI,BANGALORE EAST TQ BANGALORE URBAN",CE,COMPUTER ENGINEERING,196214,GMR,250641,3AR,-,-,-,-,250641,3AR,Safe
E145,"Rajarajeswari College of Engineering, Bangalore (AUTONOMOUS) #14, RAMOHOLLI CROSS,KUMBALGODU, MYSORE ROAD,BANGALORE - 560074",EE,EE,84568,GMR,88965,GMR,151536,GMR,250649,GM,250649,GM,Safe
E209,"Jyothi Institute of Technology, Kanakapura Road,Bangalore ,BANGALORE",EC,EC,75718,GMR,62993,GMR,107204,GMR,250723,GM,250723,GM,Safe
E252,"Mysore College Of Engineering and Management,Mysore CHIKAHALLI, VARUNA HOBALI, NEAR BIG BANYAN TREE, TN ROAD,MYSORE",IS,INFORMATION SCIENCE,83382,GMR,83382,GMR,135624,GMR,250839,GM,250839,GM,Safe
E151,"Mangalore Institute of Technology & Engineering, Moodabidri, Mangalore(AUTONOMOUS) BADAGA MIJAR,",MC,MC,120529,3AG,118735,3AG,251068,GM,251068,GM,251068,GM,Safe
E153,"S E A College of Engineering & Technology, Virgonagar, Bangalore EKTA NAGAR, BASAVANAPURA, VIRGO NAGAR POST, BANGALORE - 560 049.",EC,EC,94712,GMR,91386,GMR,197484,GMR,251097,GM,251097,GM,Safe
E180,"Beary's Institute of Technology, Boliar Village,Bantwal Tq, Mangalore LANDS END, INNOLI,BOLIYAR VILLAGE,NEAR MANGALORE UNIVERSITY,MANGALORE-574 153",EC,EC,127069,GMR,132756,GMR,251122,GM,251122,GM,251122,GM,Safe
E216,"Shetty Institute of Technology,Gulbarga 5TH KM RAJAPUR SHAHABAD ROAD GULBARGA",AM,AM,62640,GM,66581,GM,73323,GM,251140,GM,251140,GM,Safe
E221,"Biluru Gurubasava Mahaswamiji Institute of Technology,Mudhol,Bagalkote. MANTUR ROAD, MUDHOL,BAGALKOTE",CS,COMPUTER SCIENCE,92884,GMR,98682,3AG,131632,3AG,251290,GM,251290,GM,Safe
E055,"P A College of Engineering, Kairangal, Bantwala Tq,. Mangalore NADUPADAV, NEAR MANGALORE UNIVERSITY,MONTEPADAV POST, KAIRANGALA VILLAGE,BANTWAL-MANGALORE",CE,COMPUTER ENGINEERING,242672,GMR,161450,GMR,251474,GM,251474,GM,251474,GM,Safe
E239,"East West College Of Engineering, Yelahanka,Bangalore NO.13 SECTOR ""A"", YELAHANKA NEW TOWN,YELAHANKA, BANGALORE-560064",ME,ME,142508,3AR,175422,3AR,251507,GM,-,-,251507,GM,Safe
E086,"Sri Sairam College Of Engineering, Anekal, Bangalore SAI LEO NAGAR",EE,EE,104879,3AR,104879,3AR,226413,3AG,251575,GM,251575,GM,Safe
E303,"GM University KARUR VILLAGE, KASABA HOBLI, DAVANGERE TALUK AND DISTRICT",CBS,CBS,147823,GMR,124217,GMR,251633,GM,251633,GM,251633,GM,Safe
E013,"Ghousia Engineering College, Ramanagara BANGALORE - MYSORE ROAD,RAMANAGARA",CE,COMPUTER ENGINEERING,127741,GMR,120255,GMR,251741,GM,-,-,251741,GM,Safe
E116,"R.L.Jalappa Institute of Technology, Doddaballapura KODIGEHALLI, DODDABALLAPUR-561203, BANGALORE RURAL",CS,COMPUTER SCIENCE,98397,GMR,96673,GMR,141645,3AG,251745,GM,251745,GM,Safe
E060,"Dr. Ambedkar Institute of Technology, Bangalore(AUTONOMOUS) OUTER RING ROAD,NEAR JNANA BHARATHI CAMPUS,MALLATHAHALLI,BANGALORE-560056",CE,COMPUTER ENGINEERING,86822,GMR,90600,GMR,125378,GMR,251794,GM,251794,GM,Safe
E146,"Shreedevi Institute of Technology, Mangalore AIRPORT ROAD, KENJAR VILLAGE,MALAVOOR PANCHAYAT,DAKSHINA KANNADA",CS,COMPUTER SCIENCE,103059,GMR,105700,3AG,251810,GM,251810,GM,251810,GM,Safe
E303,"GM University KARUR VILLAGE, KASABA HOBLI, DAVANGERE TALUK AND DISTRICT",CY,CY,117194,GMR,106456,GMR,257152,GMR,251891,GM,251891,GM,Safe
E146,"Shreedevi Institute of Technology, Mangalore AIRPORT ROAD, KENJAR VILLAGE,MALAVOOR PANCHAYAT,DAKSHINA KANNADA",AM,AM,85497,GMR,92205,GMR,146496,GMR,251933,GM,251933,GM,Safe
E044,"Bheemanna Khandre Institute of Technology, Bhalki BHALKI-HUMNABAD ROAD,BHALKI- 585328,DIST. BIDAR",CY,CY,114217,3AG,120533,3AG,160021,3AG,251957,GM,251957,GM,Safe
E144,"Srinivas Institute of Technology, Mangalore SRINIVAS CAMPUS",IS,INFORMATION SCIENCE,90582,GMR,86057,GMR,251980,GM,251980,GM,251980,GM,Safe
E146,"Shreedevi Institute of Technology, Mangalore AIRPORT ROAD, KENJAR VILLAGE,MALAVOOR PANCHAYAT,DAKSHINA KANNADA",ME,ME,238879,GMR,251980,GMR,-,-,-,-,251980,GMR,Safe
E076,"Proudadevaraya Institute of Technology, Hospet SHAH BHAVARLAL BABULAL NAHAR CAMPUS,T.B.DAM ROAD, BESIDE TSP LIMITED,HOSPET - 583225,BELLARY DISTRICT",ME,ME,239435,GMR,193698,GMR,251985,GM,251985,GM,251985,GM,Safe
E180,"Beary's Institute of Technology, Boliar Village,Bantwal Tq, Mangalore LANDS END, INNOLI,BOLIYAR VILLAGE,NEAR MANGALORE UNIVERSITY,MANGALORE-574 153",AD,AD,106354,3AG,101773,3AG,125779,GMR,252031,GM,252031,GM,Safe
E216,"Shetty Institute of Technology,Gulbarga 5TH KM RAJAPUR SHAHABAD ROAD GULBARGA",EC,EC,128652,GMR,124617,GMR,257383,GM,252044,GM,252044,GM,Safe
E274,"Government Engineering College, Mosale Hosahalli, Hassan MOSALEHOSAHALLI, HASSAN",ME,ME,198456,GMR,188292,GMR,254568,GM,252077,GM,252077,GM,Safe
E011,"M V J College of Engineering, Bangalore(AUTONOMOUS) NEAR ITPB,CHANNASANDRA,KADUGODI POST,BANGALORE",ME,ME,90743,GMR,69795,GMR,111208,GMR,252352,GM,252352,GM,Safe
E301,"KISHKINDA UNIVERSITY BALLARI INSTITUTE OF TECHNOLOGY & MANAGEMENT (BITM) CAMPUS, BALLARI-HOSPET ROAD, NEAR ALLIPUR, BALLARI-583104",CS,COMPUTER SCIENCE,147420,3AR,151123,3AR,213680,3AG,252383,GM,252383,GM,Safe
E075,"Ballari Institute of Technology & Management, Bellary(AUTONOMOUS) ""JNANA GANGOTRI"" CAMPUS, #873/2 OF KOLAGAL VILLAGE,BELLARY-HOSPET ROAD, ALLIPUR",CE,COMPUTER ENGINEERING,151858,GMR,151858,GMR,261185,GM,252388,GM,252388,GM,Safe
E165,"Yenepoya Institute Of Technology, Mangalore VIDYANAGAR N.H 13THODAR MIJAR POST MOODBIDRI MANGALORE TQ",ME,ME,163544,GMR,151928,GMR,252417,GM,252417,GM,252417,GM,Safe
E139,"Impact College of Engineering & Applied Sciences, Bangalore KODIGEHALLI,SAHAKARANAGAR SOUTH BANGALORE",CS,COMPUTER SCIENCE,88328,GMR,82005,GMR,140277,GMR,252699,GM,252699,GM,Safe
E239,"East West College Of Engineering, Yelahanka,Bangalore NO.13 SECTOR ""A"", YELAHANKA NEW TOWN,YELAHANKA, BANGALORE-560064",EC,EC,66298,GMR,65864,GMR,107956,GMR,252703,GM,252703,GM,Safe
E307,SESHADRIPURAM INSTITUTE OF TECHNOLOGY MYSURU MYSURU,ME,ME,169400,GMR,162769,GMR,252730,GM,252730,GM,252730,GM,Safe
E151,"Mangalore Institute of Technology & Engineering, Moodabidri, Mangalore(AUTONOMOUS) BADAGA MIJAR,",ME,ME,145059,GMR,124656,3AG,252755,GM,252755,GM,252755,GM,Safe
E013,"Ghousia Engineering College, Ramanagara BANGALORE - MYSORE ROAD,RAMANAGARA",CS,COMPUTER SCIENCE,67355,GMR,75052,GMR,117179,GMR,252804,GM,252804,GM,Safe
E300,"AKASH INTITUTE OF ENGINEERING AND TECHNOLOGY PRASANNAHALLI MAIN RAOD, AKKUPETE VILLAGE, KASABA HOBLI",CY,CY,116499,3AR,106536,3AR,261789,3AG,252965,GM,252965,GM,Safe
E238,"Mysuru Royal Institute Of Technology,Lakshmipura road,Mysuru LAKSHMIPURA ROAD, OFF MYSURU -BENGALURU HIGHWAY,MANDYA",AM,AM,84653,GMR,84653,GMR,95087,GMR,253068,GM,253068,GM,Safe
E045,"Rao Bahadur Y.Mahabaleswarappa Engineering College, Bellary CONTONMENT, BELLARY-583104",DS,DATA SCIENCES,95216,GM,91993,GM,112756,GM,253111,GM,253111,GM,Safe
E070,"Bahubali College of Engineering, Shravanabelagola, Hassan GOMMATANAGARA,SHRAVANABELAGOLA - 573135 HASSAN",CS,COMPUTER SCIENCE,83149,3AG,84842,3AG,113035,3AG,253195,GM,253195,GM,Safe
E188,"Vijaya Vittala Institute of Technology, Doddagubbi, Hennur Bagalur Road, Bangalore #35/1, DODDA GUBBI POST, HENNUR-BAGALURU ROAD,BANGALORE",CS,COMPUTER SCIENCE,93522,GMR,87509,GMR,151103,GMR,253208,GM,253208,GM,Safe
E213,"Lingarajappa Engineering College, Bidar SURVEY NO. 25/1, GORNALLI ,BIDAR",EE,EE,156282,GMR,148783,GMR,253267,GM,253267,GM,253267,GM,Safe
E127,"M S Engineering College, Bangalore NAVARATHNA AGRAHARA, SADAHALLIPOST, NEAR BIAL, BANGALORE",IS,INFORMATION SCIENCE,97605,GMR,91527,GMR,253269,GMR,253269,GM,253269,GM,Safe
E063,"S J M Institute of Technology, Chitradurga P B NO 73, NH -4 BYE PASS, CHITRADURGA",EE,EE,122614,3AR,158368,3AR,256493,GM,253403,GM,253403,GM,Safe
E119,"K C T Engineering College, Gulbarga KCT CAMPUS",CS,COMPUTER SCIENCE,87363,GMR,99373,3AG,206309,3AG,253417,GM,253417,GM,Safe
E264,"BASAV ENGINEERING SCHOOL OF TECHNOLOGY, VIJAYAPURA",ME,ME,247432,GM,253437,GMR,-,-,-,-,253437,GMR,Safe
E066,"University B.D.T. college of Engineering, (H.GOV),Davangere",EI,EI,174394,3AG,122725,3AG,253458,GM,253458,GM,253458,GM,Safe
E211,"Jain Institute of Technology, Davanagere 323, BADA CROSS NEAR BLIND SCHOOL AVARAGERE DAVANGERE",EE,EE,146773,3AR,146773,3AR,262158,GM,253531,GM,253531,GM,Safe
E274,"Government Engineering College, Mosale Hosahalli, Hassan MOSALEHOSAHALLI, HASSAN",CE,COMPUTER ENGINEERING,201852,3AG,196189,GMR,259525,GM,253543,GM,253543,GM,Safe
E049,"B V V Sangha`s Basaveshwara Engineering College , Bagalkote (AUTONOMOUS) NIJALINGAPPA ROAD,BAGALKOT 587102",BT,BIO-TECHNOLOGY,65179,GMR,67606,GMR,244834,3AG,253581,GM,253581,GM,Safe
E191,"Akshaya Institute of Technology, Lingapura, Tumkur Dist. LINGAPURA",CS,COMPUTER SCIENCE,98733,GMR,100087,3AG,143337,3AG,253585,GM,253585,GM,Safe
E085,"APS College of Engineering, Somanahalli, Bangalore 26 KM KANAKAPURA ROAD BANGALORE 82,BANGALORE URBAN",EC,EC,75959,GMR,74216,GMR,115464,GMR,253610,GM,253610,GM,Safe
E174,"Dr. Sri Sri Sri Shivakumara Mahaswamyji College of Engineering, Byranayakanahalli, Bangalore Rural BYARANAYAKANAHALLI,DODDABALE POST,NELAMANGALA TALUK,BANGALORE RURAL DISTRICT",IS,INFORMATION SCIENCE,118031,GMR,109099,GMR,253669,GM,253669,GM,253669,GM,Safe
E278,"VISVESVARAYA TECHNOLOGICAL UNIVERSITY, BELAGAVI, VIAT, MUDDENAHALLI CAMPUS, CHIKKABALLAPUR Muddenahalli campus,Chickkaballapur",DS,DATA SCIENCES,90455,3AG,88089,3AG,117524,3AG,253671,GM,253671,GM,Safe
E018,"Kalpatharu Institute of Technology, Tiptur B.H.ROAD,HASSAN CIRCLE,TIPTUR-572202",EC,EC,97110,GMR,99831,3AG,171856,GMR,253692,GM,253692,GM,Safe
E303,"GM University KARUR VILLAGE, KASABA HOBLI, DAVANGERE TALUK AND DISTRICT",CE,COMPUTER ENGINEERING,203303,3AR,143353,GMR,252856,GM,253785,GM,253785,GM,Safe
E211,"Jain Institute of Technology, Davanagere 323, BADA CROSS NEAR BLIND SCHOOL AVARAGERE DAVANGERE",CE,COMPUTER ENGINEERING,164425,GMR,207627,3AG,253804,GM,253804,GM,253804,GM,Safe
E176,"Navodaya Institute of Technology, Raichur(AUTONOMOUS) NAVODAYA NAGAR, MANATRALAYAM ROAD, RAICHUR",AM,AM,57647,GM,73777,GM,109204,GM,253827,GM,253827,GM,Safe
E278,"VISVESVARAYA TECHNOLOGICAL UNIVERSITY, BELAGAVI, VIAT, MUDDENAHALLI CAMPUS, CHIKKABALLAPUR Muddenahalli campus,Chickkaballapur",ME,ME,164752,3AG,158649,GMR,253831,GM,253831,GM,253831,GM,Safe
E151,"Mangalore Institute of Technology & Engineering, Moodabidri, Mangalore(AUTONOMOUS) BADAGA MIJAR,",AN,AN,61012,3AG,61012,3AG,107003,3AG,253882,GM,253882,GM,Safe
E116,"R.L.Jalappa Institute of Technology, Doddaballapura KODIGEHALLI, DODDABALLAPUR-561203, BANGALORE RURAL",EC,EC,115535,3AR,107178,3AR,253889,GM,253889,GM,253889,GM,Safe
E042,"Khaja Bandanawaz University KBN University Street, Khaja Colony, Kalaburagi, Karnataka 585104",EC,EC,83385,GM,83632,GM,157377,GM,253957,GM,253957,GM,Safe
E129,"St.Joseph Engineering College, Mangalore(AUTONOMOUS) MANGALORE",ME,ME,125092,3AG,125092,3AG,254031,GM,254031,GM,254031,GM,Safe
E054,"K V G College of Engineering, Sullia KURUNJIBHAG,",CE,COMPUTER ENGINEERING,185443,GMR,185443,GMR,254057,GM,254057,GM,254057,GM,Safe
E297,"ADITYA COLLEGE OF ENGINEERING AND TECHNOLOGY SURVEY NO 2/8 2/9 AND 2/2, KAMAKSHIPURA, SONNENAHALLI PANCHAYATH, HESARAGHATTA HOBLI, YELAHANKA",EC,EC,137653,3AR,124993,3AR,254109,GM,254109,GM,254109,GM,Safe
E103,"Global Academy of Technology, Bangalore(AUTONOMOUS) IDEAL HOMES TOWNSHIP,RAJARAJESHWARINAGAR,BANGALORE-560098",CE,COMPUTER ENGINEERING,133779,GMR,142749,GMR,214284,3AG,254114,GM,254114,GM,Safe
E159,"Karavali Institute of Technology, Neermarga, Mangalore PADU POST, VIA PEDUMALE,NEERUMARGA,MANGALORE -575029",AM,AM,128663,3AR,116096,3AR,211919,3AG,254135,GM,254135,GM,Safe
E176,"Navodaya Institute of Technology, Raichur(AUTONOMOUS) NAVODAYA NAGAR, MANATRALAYAM ROAD, RAICHUR",CS,COMPUTER SCIENCE,91989,GMR,99298,3AG,160096,3AG,254203,GM,254203,GM,Safe
E313,"HARSHA INSTITUTE OF TECHNOLOGY VARADANAYAKANA HALLY VILLAGE, NELAMANGALA TALUK,",IS,INFORMATION SCIENCE,169102,GMR,131373,GMR,254211,GM,254211,GM,254211,GM,Safe
E165,"Yenepoya Institute Of Technology, Mangalore VIDYANAGAR N.H 13THODAR MIJAR POST MOODBIDRI MANGALORE TQ",EC,EC,130444,3AG,113592,3AG,251336,GM,254245,GM,254245,GM,Safe
E115,"S.J B. Institute of Technology, Bangalore (AUTONOMOUS) BGS HEALTH & EDUCATION CITY,NO 67, UTTARAHALLI ROAD.KENGERI, BANGALORE -60",CE,COMPUTER ENGINEERING,162310,3AR,162310,3AR,233542,3AG,254379,GM,254379,GM,Safe
E315,VTU CONSTITUENT ENGINEERING COLLEGE - GOKAK,CY,CY,-,-,-,-,-,-,254428,GM,254428,GM,Safe
E252,"Mysore College Of Engineering and Management,Mysore CHIKAHALLI, VARUNA HOBALI, NEAR BIG BANYAN TREE, TN ROAD,MYSORE",CS,COMPUTER SCIENCE,77399,3AG,83221,GMR,164598,3AR,254440,GM,254440,GM,Safe
E288,"Garden City University 16th KM, Old Madras Road (Near K R Puram), Bangalore, Karnataka, 560049.",IS,INFORMATION SCIENCE,109141,3AR,102874,3AR,160288,3AG,254457,GM,254457,GM,Safe
E315,VTU CONSTITUENT ENGINEERING COLLEGE - GOKAK,EE,EE,-,-,-,-,-,-,254595,GM,254595,GM,Safe
E165,"Yenepoya Institute Of Technology, Mangalore VIDYANAGAR N.H 13THODAR MIJAR POST MOODBIDRI MANGALORE TQ",CS,COMPUTER SCIENCE,99306,3AG,92443,3AG,164267,GMR,254647,GM,254647,GM,Safe
E273,"Government Engineering College, Viprasinagar, Gangavathi VIPRASAI NAGAR,GANGAVATHI,KOPPAL",CE,COMPUTER ENGINEERING,208522,3AG,206889,3AG,254649,GM,254649,GM,254649,GM,Safe
E171,"Brindavan College of Engineering, Yelahanaka, Bangalore DWARAKANAGARA, BAGALUR MAIN ROAD,YELAHANKA, BANGALORE - 560 063",EC,EC,91824,GMR,88797,GMR,137544,GMR,254683,GM,254683,GM,Safe
E191,"Akshaya Institute of Technology, Lingapura, Tumkur Dist. LINGAPURA",EC,EC,116621,GMR,115721,GMR,254716,GM,254716,GM,254716,GM,Safe
E189,"NAVKIS COLLEGE OF ENGINEERING, KIADB Industrial Area,Thimmanahally, Hassan P.B.NO. 55, NH-48, KIADB INDUSTRIAL AREA, THIMMANAHALLY, HASSAN-573201",AD,AD,89030,GMR,89214,GMR,117410,GMR,254784,GM,254784,GM,Safe
E273,"Government Engineering College, Viprasinagar, Gangavathi VIPRASAI NAGAR,GANGAVATHI,KOPPAL",EC,EC,113711,GMR,107698,GMR,194696,3AG,254848,GM,254848,GM,Safe
E162,"Government Engineering College, Raichur RAICHUR-HYDERABAD ROAD YERAMARUS,RAICHUR",ME,ME,183548,GMR,189575,GMR,254940,GM,254940,GM,254940,GM,Safe
E136,"Moodalakatte Institute of Technology, Kundapura, Udupi MOODLAKATTE,KUNDAPURA TALUK,UDUPI DISTRICT",EC,EC,132094,3AG,125452,3AG,254942,GM,254942,GM,254942,GM,Safe
E059,"P D A College of Engineering, Gulbarga(AUTONOMOUS) AIWAN-E-SHAHI AREA,STATION ROAD,GULBARGA-585102",ME,ME,156166,GMR,184064,GMR,257979,GM,254967,GM,254967,GM,Safe
E041,"P D A College of Engineering, Gulbarga(AUTONOMOUS) AIWAN-E-SHAHI AREA,STATION ROAD,GULBARGA-585102",PE,PRODUCTION ENGINEERING,127254,GMR,147383,GMR,254990,GM,254990,GM,254990,GM,Safe
E059,"P D A College of Engineering, Gulbarga(AUTONOMOUS) AIWAN-E-SHAHI AREA,STATION ROAD,GULBARGA-585102",EC,EC,89250,GMR,83349,GMR,130082,GMR,255125,GM,255125,GM,Safe
E081,"SRI SIDDHARTHA SCHOOL OF ENGINEERING, TUMKUR NH-4, KESARAMADU POST, KYATHASANDRA,TUMKUR",DS,DATA SCIENCES,112730,3AG,105709,3AG,259392,GM,255251,GM,255251,GM,Safe
E086,"Sri Sairam College Of Engineering, Anekal, Bangalore SAI LEO NAGAR",EC,EC,94568,GMR,85920,GMR,148613,GMR,255269,GM,255269,GM,Safe
E204,"Bangalore Technological Institute, Sarjapura Road, Bangalore SY NO.66/6,66/5,67/6,&67/5, KODATHI VILLAGE, VARTHOOR HOBLI,BANGALORE EAST TQ BANGALORE URBAN",CS,COMPUTER SCIENCE,75490,GMR,78652,GMR,119561,GMR,255289,GM,255289,GM,Safe
E167,"K L E S's K L E College of Engineering & Technology, Chikkodi, Belgaum Dist. BANANTIKODI ROAD CHIKODI,BELGAUM -591 201,",CE,COMPUTER ENGINEERING,182636,GMR,158079,GMR,256107,GM,255301,GM,255301,GM,Safe
E118,"RNS Institute of Technology, Bangalore (AUTONOMOUS) CHANNASANDRA,UTTARAHALLI -KENGERI MAIN ROAD,SUBRAMANYAPURA POST,BANGALORE",ME,ME,77310,GMR,77310,GMR,109164,GMR,255379,GMR,255379,GMR,Safe
E308,"CONSTITUENT COLLEGE OF VTU, CHINTAMANI CHIKABALLAPURA DIST CHIKBALLAPURA",EE,EE,130624,GMR,127699,3AG,255427,GM,255427,GM,255427,GM,Safe
E310,"GOVERNMENT ENGINEERING COLLEGE, ARASIKERE ARASIKERE, HASSAN DISTRICT",EC,EC,109244,GMR,106428,3AG,154706,GMR,255439,GM,255439,GM,Safe
E116,"R.L.Jalappa Institute of Technology, Doddaballapura KODIGEHALLI, DODDABALLAPUR-561203, BANGALORE RURAL",AM,AM,95209,GMR,95209,GMR,108172,GMR,255446,3AG,255446,3AG,Safe
E101,"Channabasaveshwara Institute of Technology, Gubbi Herur, Tumkur NH 206 (BH ROAD), GUBBI, TUMKUR. KARNATAKA",EE,EE,113767,3AR,102311,3AR,256990,GM,255476,GM,255476,GM,Safe
E123,"Canara Engineering College Bantwal, BENJANAPADAVU,BANTWAL,PIN 574219,DAKSHINA KANNADA DIST,",CBS,CBS,88375,3AR,101015,3AR,255503,GM,255503,GM,255503,GM,Safe
E176,"Navodaya Institute of Technology, Raichur(AUTONOMOUS) NAVODAYA NAGAR, MANATRALAYAM ROAD, RAICHUR",EE,EE,149920,GMR,135124,GMR,253378,GM,255687,GM,255687,GM,Safe
E157,"Government Engineering College, Ramanagaram DODDAMANNUGUDDE, RAMANAGAR, RAMANAGAR DISTRICT - 571 511",ME,ME,212613,3AG,217036,GMR,255740,GM,255740,GM,255740,GM,Safe
E082,"J S S Academy of Technical Education, Bangalore JSSATE CAMPUS,UTTARAHALLI-KENGERI ROAD ,BANGALORE 560060",ME,ME,95612,GMR,106346,GMR,139013,GMR,255921,GM,255921,GM,Safe
E132,"Secab Institute of Engineering & Technology, Bijapur 424, NAURASPUR, BAGALKOT ROAD, HUDCO CROSS,BIJAPUR-586101",CE,COMPUTER ENGINEERING,161009,GMR,161009,GMR,255958,GM,255958,GM,255958,GM,Safe
E134,"Smt. Kamala & Sri Venkappa M.Agadi College of Engineering & Technology, Gadag SAVANUR ROAD, GULAGANJIKOPPA,LAXMESHWAR DIST: GADAG",EC,EC,123401,3AG,93459,GMR,131822,GMR,256048,GMR,256048,GMR,Safe
E278,"VISVESVARAYA TECHNOLOGICAL UNIVERSITY, BELAGAVI, VIAT, MUDDENAHALLI CAMPUS, CHIKKABALLAPUR Muddenahalli campus,Chickkaballapur",AN,AN,104351,GMR,112547,GMR,181102,3AG,256198,GM,256198,GM,Safe
E077,"Vidya Vikas Institute of Engineering & Technology, Mysore #127,ALANAHALLY,ALANAHALLY POST,MYSORE-BANNUR ROAD,MYSORE",EE,EE,82998,GMR,80581,GMR,174187,3AG,256201,GM,256201,GM,Safe
E161,"Government Engineering College, Kushalanagar MEDIKERI ROAD,MADAPATNA,KUSHALANAGAR",ME,ME,226346,3AR,212463,3AR,258436,GM,256252,GM,256252,GM,Safe
E194,"Government Engineering College, Karwar MAJALI VILLAGE, KARWAR TALUK, UTTARA KANNADA DIST, KARNATAKA -PIN 581345",CE,COMPUTER ENGINEERING,234810,3AG,240559,3AG,259138,GM,256302,GM,256302,GM,Safe
E303,"GM University KARUR VILLAGE, KASABA HOBLI, DAVANGERE TALUK AND DISTRICT",ME,ME,206166,3AR,181592,3AG,256313,GM,256313,GM,256313,GM,Safe
E113,"Sambhram Institute of Technology, Bangalore AMBABHAVANI TEMPLE ROAD,M.S.PALYA, JALAHALLI EAST,VIDYARANYAPURA POST,BANGALORE",EC,EC,93084,GMR,93084,GMR,153259,GMR,256384,GM,256384,GM,Safe
E021,"Sri Jayachamarajendra College of Engineering(Constituent College of JSS Science & Technology University), Mysore JSS TECHNICAL INSTITUTIONS CAMPUS,MANASAGANGOTHRI PO,MYSORE",PL,PL,98689,GMR,109909,GMR,140065,3AG,256409,GM,256409,GM,Safe
E210,"G Madegowda Institute of Technology, Bharathinagara, Maddur, Mandya BHARATHINAGARA (K M DODDY) MADDUR TQ,MANDYA",EC,EC,114453,3AG,114284,GMR,256419,GM,256419,GM,256419,GM,Safe
E146,"Shreedevi Institute of Technology, Mangalore AIRPORT ROAD, KENJAR VILLAGE,MALAVOOR PANCHAYAT,DAKSHINA KANNADA",CE,COMPUTER ENGINEERING,256438,3AG,256438,3AG,-,-,-,-,256438,3AG,Safe
E221,"Biluru Gurubasava Mahaswamiji Institute of Technology,Mudhol,Bagalkote. MANTUR ROAD, MUDHOL,BAGALKOTE",CE,COMPUTER ENGINEERING,187268,GMR,187268,GMR,256533,GM,-,-,256533,GM,Safe
E116,"R.L.Jalappa Institute of Technology, Doddaballapura KODIGEHALLI, DODDABALLAPUR-561203, BANGALORE RURAL",CY,CY,117002,GMR,106249,GMR,163951,GMR,256642,GM,256642,GM,Safe
E017,"Sri Siddhartha Institute of Technology MARALUR ,TUMKUR",ET,ET,79201,GMR,75240,GMR,178886,3AR,256675,GM,256675,GM,Safe
E158,"Maharaja Institute of Technology Mysore,Belawadi,Srirangapatna,Mandya(AUTONOMOUS) BEHIND K R MILLS,BELAWADI VILLAGE,NAGUVANAHALLI PANCHAYAT,SRIRANGAPATNA TALUK,MANDYA DISTRICT",CE,COMPUTER ENGINEERING,145581,GMR,156006,GMR,259935,GMR,256744,GM,256744,GM,Safe
E139,"Impact College of Engineering & Applied Sciences, Bangalore KODIGEHALLI,SAHAKARANAGAR SOUTH BANGALORE",AM,AM,84686,GMR,80121,GMR,117325,GMR,256801,GM,256801,GM,Safe
E062,"Bapuji Institute of Engineering & Technology, Davangere (AUTONOMOUS) BAPUJI INSTITUTE OF ENGINEERING & TECHNOLOGY,P.B. NO.325,SHAMANUR ROAD,DAVANGERE-577 004",ME,ME,131576,3AG,149092,3AG,256940,GM,256940,GM,256940,GM,Safe
E303,"GM University KARUR VILLAGE, KASABA HOBLI, DAVANGERE TALUK AND DISTRICT",DES,DES,217616,GMR,203315,3AG,256966,GM,256966,GM,256966,GM,Safe
E220,"ALLIANCE University Central Campus, Chikkahadage Cross Chandapura-Anekal, Main Road, Bengaluru, Karnataka 562106",ME,ME,99752,GMR,99752,GMR,234392,GMR,256970,GM,256970,GM,Safe
E238,"Mysuru Royal Institute Of Technology,Lakshmipura road,Mysuru LAKSHMIPURA ROAD, OFF MYSURU -BENGALURU HIGHWAY,MANDYA",IS,INFORMATION SCIENCE,103631,GMR,96729,GMR,190803,GMR,256998,GM,256998,GM,Safe
E193,Srinivas University SRINIVAS CAMPUS MUKKA MANGALURU,CS,COMPUTER SCIENCE,116032,3AG,117194,3AG,260906,GM,257013,GM,257013,GM,Safe
E037,"K.L.S. Gogte Institute of Technology, Belgaum.(AUTONOMOUS) ""JNANA GANGA"", UDYAMBAG,BELGAUM",CE,COMPUTER ENGINEERING,119242,GMR,113842,3AR,212737,3AG,257014,GM,257014,GM,Safe
E121,"Vivekananada College of Engineering Technology, Puttur NEHARU NAGARA,PUTTUR TALUK,DAKSHINA KANNADA",CS,COMPUTER SCIENCE,67169,3AG,68208,3AG,111680,3AG,257046,GM,257046,GM,Safe
E196,"Jain College of Engineering,Machche, Belgaum T.S. NAGAR,HUNCHANHATTI ROAD,MACCHE, BELGAUM- 590014.",ME,ME,235873,3AR,235873,3AR,257499,GM,257098,GM,257098,GM,Safe
E309,"CONSTITUENT COLLEGE OF VTU, CHINTAMANI CHIKABALLAPURA DIST CHIKBALLAPURA",CS,COMPUTER SCIENCE,91551,3AR,91551,3AR,145060,3AR,257147,GM,257147,GM,Safe
E254,"A J Institute Of Engineering And Technology.Kottar chowki Boloor Village Mangalore KOTTARA CHOWKI BOLOOR VILLAGE,DAKSHINA KANNADA",CS,COMPUTER SCIENCE,72814,3AG,74677,GMR,152925,3AG,257188,GM,257188,GM,Safe
E076,"Proudadevaraya Institute of Technology, Hospet SHAH BHAVARLAL BABULAL NAHAR CAMPUS,T.B.DAM ROAD, BESIDE TSP LIMITED,HOSPET - 583225,BELLARY DISTRICT",CE,COMPUTER ENGINEERING,94612,GM,94612,GM,257215,GM,257215,GM,257215,GM,Safe
E314,"CAUVERY COLLEGE OF ENGINEERING KBL LAYOUT, ALANAHALLY MYSORE",CS,COMPUTER SCIENCE,106853,GMR,99633,3AG,137780,GMR,257236,GM,257236,GM,Safe
E161,"Government Engineering College, Kushalanagar MEDIKERI ROAD,MADAPATNA,KUSHALANAGAR",CE,COMPUTER ENGINEERING,208768,GMR,205817,GMR,257241,GM,257241,GM,257241,GM,Safe
E093,"Basavakalyana Engineering College, Basavakalyana, Bidar District N.H.9 ,BASAVAKALYAN-585327,DIST. BIDAR",AD,AD,65755,3AG,84032,3AG,207627,3AG,257383,GM,257383,GM,Safe
E070,"Bahubali College of Engineering, Shravanabelagola, Hassan GOMMATANAGARA,SHRAVANABELAGOLA - 573135 HASSAN",CE,COMPUTER ENGINEERING,209176,GMR,176952,GMR,257390,GM,257390,GM,257390,GM,Safe
E175,"S.S.E.T.S.S.G.Balekundri Institute of Technology, Shivabasavanagar, Belgaum SHIVABASAVA NAGAR, BELGAUM - 590010",EE,EE,103527,3AG,102049,3AG,210341,GMR,257392,GM,257392,GM,Safe
E028,"Tontadarya College of Engineering, Gadag MUNDARAGI ROAD ,GADAG - 582101",EE,EE,138839,3AG,131848,3AG,257520,GM,257520,GM,257520,GM,Safe
E015,"Dr.T.Thimmaiah Institute of Technology, KGF 00RGAUM POST,KOLAR GOLD FIELDS - 563 120",MN,MN,157821,GMR,146215,GMR,257525,GM,257525,GM,257525,GM,Safe
E273,"Government Engineering College, Viprasinagar, Gangavathi VIPRASAI NAGAR,GANGAVATHI,KOPPAL",EE,EE,118329,GMR,118329,GMR,261106,GM,257553,GM,257553,GM,Safe
E011,"M V J College of Engineering, Bangalore(AUTONOMOUS) NEAR ITPB,CHANNASANDRA,KADUGODI POST,BANGALORE",CE,COMPUTER ENGINEERING,111250,3AR,111250,3AR,186103,3AR,257572,GM,257572,GM,Safe
E083,"H.K.B.K.College of Engineering, Bangalore # 22/1, NAGAWARA, BANGALORE-560045",ME,ME,136007,3AG,116461,GMR,257576,GM,-,-,257576,GM,Safe
E297,"ADITYA COLLEGE OF ENGINEERING AND TECHNOLOGY SURVEY NO 2/8 2/9 AND 2/2, KAMAKSHIPURA, SONNENAHALLI PANCHAYATH, HESARAGHATTA HOBLI, YELAHANKA",DS,DATA SCIENCES,115175,GMR,106268,GMR,257720,GM,257720,GM,257720,GM,Safe
E078,"The Oxford College of Engineering, Bangalore HOSUR ROAD,BOMMANAHALLI,BANGALORE",CE,COMPUTER ENGINEERING,136325,GMR,146067,GMR,257773,GM,257773,GM,257773,GM,Safe
E065,"Jawaharlal Nehru New College of Engineering, Shimoga P.B. NO. 128,NAVULE, SHIMOGA",EE,EE,90902,3AG,99419,GMR,157724,3AG,257795,GM,257795,GM,Safe
E180,"Beary's Institute of Technology, Boliar Village,Bantwal Tq, Mangalore LANDS END, INNOLI,BOLIYAR VILLAGE,NEAR MANGALORE UNIVERSITY,MANGALORE-574 153",IOTCS,IOTCS,139614,3AG,125779,GMR,257839,GM,257839,GM,257839,GM,Safe
E222,"Cambridge Institute Of Technology, North Campus, Devanahalli, Bangalore SURVEY NO. 73, LINGADHEERA GOLLAHALLI, KUNDANA POST, DEVANAHALLI TALUK",ME,ME,118815,GMR,118815,GMR,257853,GM,257853,GM,257853,GM,Safe
E147,"T.John Institute of technology, Bangalore #86/1, KAMMANAHALLI,GOTTIGERE,BANNERUGATTA ROAD,BANGALORE",IOTCS,IOTCS,100488,GMR,87439,GMR,146311,GMR,257870,GM,257870,GM,Safe
E199,"AGM Rural Engineering College, Varur, Hubli NH-4, P.B. ROAD OPP VRL HEAD OFFICE VARUR.,DHARWAD",CE,COMPUTER ENGINEERING,150989,GMR,150989,GMR,257909,GM,-,-,257909,GM,Safe
E063,"S J M Institute of Technology, Chitradurga P B NO 73, NH -4 BYE PASS, CHITRADURGA",EC,EC,107832,GMR,104214,GMR,169929,GMR,257999,GM,257999,GM,Safe
E023,"P E S College of Engineering, Mandya(AUTONOMOUS) MANDYA: 571 401",ME,ME,154022,3AR,115946,3AR,185017,3AR,258073,GM,258073,GM,Safe
E042,"Khaja Bandanawaz University KBN University Street, Khaja Colony, Kalaburagi, Karnataka 585104",AN,AN,127459,3AG,130802,3AG,210869,GMR,258168,GM,258168,GM,Safe
E265,"Jain College of Engineering and Technology,Hubballi 404/4, 404/5, SAI NAGAR, UNKAL, HUBLI",ME,ME,129066,GMR,129066,GMR,169938,GM,258178,GM,258178,GM,Safe
E139,"Impact College of Engineering & Applied Sciences, Bangalore KODIGEHALLI,SAHAKARANAGAR SOUTH BANGALORE",RA,RA,106538,GMR,96987,3AG,210670,GMR,258186,GM,258186,GM,Safe
E307,SESHADRIPURAM INSTITUTE OF TECHNOLOGY MYSURU MYSURU,EC,EC,93198,GMR,89384,GMR,159724,GMR,258269,GM,258269,GM,Safe
E130,"Shridevi Institute of Engineering & Technology, Tumkur MARELENAHALLY,SIRA ROAD ,TUMKUR",EC,EC,107457,GMR,104792,GMR,258293,GM,258293,GM,258293,GM,Safe
E044,"Bheemanna Khandre Institute of Technology, Bhalki BHALKI-HUMNABAD ROAD,BHALKI- 585328,DIST. BIDAR",CH,CH,66386,GMR,66386,GMR,148744,GMR,258319,GM,258319,GM,Safe
E100,"K N S Institute of Technology, Bangalore THIRUMENAHALLI, HEGGADENAGAR-KOGILU ROAD, YELAHANKA, BANGALORE-560064",DS,DATA SCIENCES,81981,GMR,81981,GMR,128710,GMR,258323,GM,258323,GM,Safe
E127,"M S Engineering College, Bangalore NAVARATHNA AGRAHARA, SADAHALLIPOST, NEAR BIAL, BANGALORE",CS,COMPUTER SCIENCE,90354,GMR,80775,GMR,150504,3AG,258323,GM,258323,GM,Safe
E109,"City Engineering College,Doddakalisandra, Bangalore South DODDAKALLASANDRA, KANAKAPURA ROAD, BANGALORE.",CS,COMPUTER SCIENCE,88758,3AR,78936,3AR,120070,3AR,258403,GMR,258403,GMR,Safe
E238,"Mysuru Royal Institute Of Technology,Lakshmipura road,Mysuru LAKSHMIPURA ROAD, OFF MYSURU -BENGALURU HIGHWAY,MANDYA",EC,EC,110042,GMR,102587,GMR,259782,GM,258428,GM,258428,GM,Safe
E194,"Government Engineering College, Karwar MAJALI VILLAGE, KARWAR TALUK, UTTARA KANNADA DIST, KARNATAKA -PIN 581345",EC,EC,120045,3AG,120196,3AG,247501,3AG,258434,GM,258434,GM,Safe
E164,"Government Engineering College, Hoovina Hadagali HUVINAHADAGALI 583219,DIST: VIJAYANAGARA",ME,ME,205746,GMR,260208,3AR,258458,GM,258458,GM,258458,GM,Safe
E118,"RNS Institute of Technology, Bangalore (AUTONOMOUS) CHANNASANDRA,UTTARAHALLI -KENGERI MAIN ROAD,SUBRAMANYAPURA POST,BANGALORE",CE,COMPUTER ENGINEERING,109633,GMR,95612,GMR,216644,3AR,258478,GM,258478,GM,Safe
E038,"BLDEA's VP. Dr.P.G. Hallakatti College of Engineering & Technology, Bijapur ASHRAM ROAD,BIJAPUR - 586103",CE,COMPUTER ENGINEERING,156323,3AG,132569,GMR,258528,GM,258528,GM,258528,GM,Safe
E121,"Vivekananada College of Engineering Technology, Puttur NEHARU NAGARA,PUTTUR TALUK,DAKSHINA KANNADA",ME,ME,206139,3AG,154953,GMR,258529,GM,258529,GM,258529,GM,Safe
E156,"K R PET KRISHNA, GOVERNMENT ENGINEERING COLLEGES, K R PET, MANDYA KRISHNARAJPET, MANDYA DIST. - 571 426,",CE,COMPUTER ENGINEERING,169647,GMR,168816,GMR,258561,GM,258561,GM,258561,GM,Safe
E135,"K L S Viswanathrao Deshpande Institute of Technology, Haliyal UDYOG VIDYA NAGAR,DANDELI ROAD, HALIYAL-581329",ME,ME,217584,3AG,217584,3AG,258627,GM,258627,GM,258627,GM,Safe
E314,"CAUVERY COLLEGE OF ENGINEERING KBL LAYOUT, ALANAHALLY MYSORE",AM,AM,131725,GMR,112496,GMR,190394,GMR,258679,GM,258679,GM,Safe
E310,"GOVERNMENT ENGINEERING COLLEGE, ARASIKERE ARASIKERE, HASSAN DISTRICT",IS,INFORMATION SCIENCE,115941,GMR,114244,GMR,197983,3AG,258692,GM,258692,GM,Safe
E314,"CAUVERY COLLEGE OF ENGINEERING KBL LAYOUT, ALANAHALLY MYSORE",CY,CY,144399,GMR,118582,3AG,258716,GM,258716,GM,258716,GM,Safe
E189,"NAVKIS COLLEGE OF ENGINEERING, KIADB Industrial Area,Thimmanahally, Hassan P.B.NO. 55, NH-48, KIADB INDUSTRIAL AREA, THIMMANAHALLY, HASSAN-573201",EC,EC,103670,GMR,99817,GMR,258741,GM,258741,GM,258741,GM,Safe
E204,"Bangalore Technological Institute, Sarjapura Road, Bangalore SY NO.66/6,66/5,67/6,&67/5, KODATHI VILLAGE, VARTHOOR HOBLI,BANGALORE EAST TQ BANGALORE URBAN",DS,DATA SCIENCES,104623,GMR,89718,GMR,133931,3AG,258773,GM,258773,GM,Safe
E173,"Sai Vidya Institute of Technology, Rajanakunte, Bangalore RAJANUKUNTE,DODDBALLAPURA ROAD ,VIA: YELAHANKA,BANGALORE",EC,EC,66838,GMR,66663,GMR,109758,GMR,258799,GM,258799,GM,Safe
E305,DR H N NATIONAL COLLEGE OF ENGINEERING BENGALURU,IS,INFORMATION SCIENCE,103388,GMR,96712,GMR,189566,GMR,258850,GM,258850,GM,Safe
E017,"Sri Siddhartha Institute of Technology MARALUR ,TUMKUR",ME,ME,141187,3AR,145346,3AR,261708,GM,258919,GM,258919,GM,Safe
E175,"S.S.E.T.S.S.G.Balekundri Institute of Technology, Shivabasavanagar, Belgaum SHIVABASAVA NAGAR, BELGAUM - 590010",CBS,CBS,147066,3AG,146276,3AG,258965,3AG,258965,3AG,258965,3AG,Safe
E079,"Acharya Institute of Technology, Soldevanahalli,Chikkabanavara post, Bangalore SOLDEVANAHALLI, HESARAGHATTA MAIN ROAD, CHIKKABANAVARA POST,BANGALORE URBAN",ME,ME,95624,GMR,95624,GMR,140587,GMR,258982,GM,258982,GM,Safe
E134,"Smt. Kamala & Sri Venkappa M.Agadi College of Engineering & Technology, Gadag SAVANUR ROAD, GULAGANJIKOPPA,LAXMESHWAR DIST: GADAG",AM,AM,104226,GMR,97534,GMR,102091,GMR,258984,GM,258984,GM,Safe
E066,"University B.D.T. college of Engineering, (H.GOV),Davangere",CE,COMPUTER ENGINEERING,142746,3AG,142746,3AG,224235,GMR,258998,GM,258998,GM,Safe
E188,"Vijaya Vittala Institute of Technology, Doddagubbi, Hennur Bagalur Road, Bangalore #35/1, DODDA GUBBI POST, HENNUR-BAGALURU ROAD,BANGALORE",ME,ME,229192,GMR,227334,GMR,259014,GM,-,-,259014,GM,Safe
E177,"Rajeev Institute of Technology, Hassan PLOT 1-D(P-1), GROWTH CENTRE, INDUSTRIAL AREA, BANGALORE MANGALORE BYPASS ROAD",CS,COMPUTER SCIENCE,87902,GMR,78837,GMR,116350,GMR,259073,GM,259073,GM,Safe
E064,"Adhichunchanagiri Institute of Technology, Chickamagalur ADICHUNCHANAGIRI EXTENTION,JYOTHINAGAR,CHIKMAGALUR - 577102",EC,EC,79740,GMR,79740,GMR,129049,GMR,259108,GM,259108,GM,Safe
E210,"G Madegowda Institute of Technology, Bharathinagara, Maddur, Mandya BHARATHINAGARA (K M DODDY) MADDUR TQ,MANDYA",ME,ME,200704,GMR,200704,GMR,259158,GM,259158,GM,259158,GM,Safe
E017,"Sri Siddhartha Institute of Technology MARALUR ,TUMKUR",CE,COMPUTER ENGINEERING,127635,3AR,176194,3AR,259173,GM,259173,GM,259173,GM,Safe
E291,"Government Engineering College,Naragund,Gadag",CE,COMPUTER ENGINEERING,252077,3AG,196358,3AG,260018,GM,259236,GM,259236,GM,Safe
E181,"Sri Basaveswara Institute of Technology, Madenur Gate, B.H. Road, Tiptur",CS,COMPUTER SCIENCE,105626,3AG,105402,GMR,202932,GMR,259341,GM,259341,GM,Safe
E202,"Sampoorna Group of Institutions, Channapatana, Ramanagara District BELEKERE, MALLUR HOBLI, CHANNAPATNA TALUK, RAMANAGAR,DISTRICT",CS,COMPUTER SCIENCE,109428,GMR,110604,GMR,260068,GM,259343,GM,259343,GM,Safe
E303,"GM University KARUR VILLAGE, KASABA HOBLI, DAVANGERE TALUK AND DISTRICT",EE,EE,161118,3AG,159929,3AG,259354,GM,259354,GM,259354,GM,Safe
E197,"Veerappa Nisty Engineering College, Shorapur, Yadigir POST:HASNAPUR, TQ:SHORAPUR, DIST: YADGIR",CS,COMPUTER SCIENCE,121303,3AG,127724,3AG,261036,GM,259361,GM,259361,GM,Safe
E049,"B V V Sangha`s Basaveshwara Engineering College , Bagalkote (AUTONOMOUS) NIJALINGAPPA ROAD,BAGALKOT 587102",CE,COMPUTER ENGINEERING,121893,GMR,120002,GMR,237269,GMR,259400,GM,259400,GM,Safe
E254,"A J Institute Of Engineering And Technology.Kottar chowki Boloor Village Mangalore KOTTARA CHOWKI BOLOOR VILLAGE,DAKSHINA KANNADA",ME,ME,236950,3AR,201879,3AG,259468,GM,259468,GM,259468,GM,Safe
E076,"Proudadevaraya Institute of Technology, Hospet SHAH BHAVARLAL BABULAL NAHAR CAMPUS,T.B.DAM ROAD, BESIDE TSP LIMITED,HOSPET - 583225,BELLARY DISTRICT",EC,EC,110018,GM,110306,GM,259533,GM,259533,GM,259533,GM,Safe
E099,"New Horizon College of Engineering, Varthur, Bangalore(AUTONOMOUS) RING ROAD, NEAR MARATHALLI, BELLANDUR POST,KADUBHISANAHALLI,BANGALORE",ME,ME,81169,3AR,96151,3AR,96151,3AR,259540,3AR,259540,3AR,Safe
E205,"ATME College of Engineering, Mysore SY.NO.1002, HAROHALLI (MELLAHALLI),MYSORE",CD,COMMUNICATION DESIGN,91669,GMR,86646,GMR,141087,GMR,259584,GM,259584,GM,Safe
E184,"C Byre Gowda Institute of Technology, Thoradevandahalli Village, Kolar SRINIVASPURA ROAD, THORADEVANDAHALLI, KOLAR-563101",CS,COMPUTER SCIENCE,125006,GMR,121928,GMR,259601,GM,259601,GM,259601,GM,Safe
E081,"SRI SIDDHARTHA SCHOOL OF ENGINEERING, TUMKUR NH-4, KESARAMADU POST, KYATHASANDRA,TUMKUR",IOTCS,IOTCS,115884,GMR,109782,GMR,259727,GM,259727,GM,259727,GM,Safe
E109,"City Engineering College,Doddakalisandra, Bangalore South DODDAKALLASANDRA, KANAKAPURA ROAD, BANGALORE.",IS,INFORMATION SCIENCE,95254,GMR,91514,GMR,187509,GMR,259761,GM,259761,GM,Safe
E211,"Jain Institute of Technology, Davanagere 323, BADA CROSS NEAR BLIND SCHOOL AVARAGERE DAVANGERE",EC,EC,100714,GMR,102725,3AG,204267,GMR,259784,GM,259784,GM,Safe
E045,"Rao Bahadur Y.Mahabaleswarappa Engineering College, Bellary CONTONMENT, BELLARY-583104",ME,ME,227822,GMR,208470,GMR,259815,GM,259815,GM,259815,GM,Safe
E045,"Rao Bahadur Y.Mahabaleswarappa Engineering College, Bellary CONTONMENT, BELLARY-583104",EC,EC,117438,GMR,103286,GMR,252516,GM,259841,GM,259841,GM,Safe
E213,"Lingarajappa Engineering College, Bidar SURVEY NO. 25/1, GORNALLI ,BIDAR",CS,COMPUTER SCIENCE,106602,GMR,118801,GMR,237714,3AG,259931,GM,259931,GM,Safe
E258,"Maharaja Institute of Technology,Tandavapura,Mysore THANDAVAPURA VILLAGA,ON NATIONAL HIGHWWAYNANJANAGUD TALUK,MYSORE DISTRICT",CE,COMPUTER ENGINEERING,137625,GMR,150423,GMR,257578,3AG,259935,GM,259935,GM,Safe
E297,"ADITYA COLLEGE OF ENGINEERING AND TECHNOLOGY SURVEY NO 2/8 2/9 AND 2/2, KAMAKSHIPURA, SONNENAHALLI PANCHAYATH, HESARAGHATTA HOBLI, YELAHANKA",AD,AD,80939,GMR,86703,GMR,120353,GMR,259948,GM,259948,GM,Safe
E207,"V S M`s Somashekhar R Kothiwale Institute of Technology,Nippani, Belgaum. BASAV-VIDYA NAGAR,BELGAUM",EC,EC,138549,3AG,114141,3AG,157625,GMR,259969,GM,259969,GM,Safe
E135,"K L S Viswanathrao Deshpande Institute of Technology, Haliyal UDYOG VIDYA NAGAR,DANDELI ROAD, HALIYAL-581329",CE,COMPUTER ENGINEERING,230956,3AG,230956,3AG,259994,GM,-,-,259994,GM,Safe
E065,"Jawaharlal Nehru New College of Engineering, Shimoga P.B. NO. 128,NAVULE, SHIMOGA",CE,COMPUTER ENGINEERING,173179,3AR,173179,3AR,260006,GM,260006,GM,260006,GM,Safe
E274,"Government Engineering College, Mosale Hosahalli, Hassan MOSALEHOSAHALLI, HASSAN",EE,EE,116096,3AR,133984,3AR,207028,3AR,260018,GM,260018,GM,Safe
E301,"KISHKINDA UNIVERSITY BALLARI INSTITUTE OF TECHNOLOGY & MANAGEMENT (BITM) CAMPUS, BALLARI-HOSPET ROAD, NEAR ALLIPUR, BALLARI-583104",EC,EC,147213,3AG,123073,3AG,260082,GM,260082,GM,260082,GM,Safe
E055,"P A College of Engineering, Kairangal, Bantwala Tq,. Mangalore NADUPADAV, NEAR MANGALORE UNIVERSITY,MONTEPADAV POST, KAIRANGALA VILLAGE,BANTWAL-MANGALORE",CS,COMPUTER SCIENCE,89424,GMR,91223,3AG,144269,GMR,260177,GM,260177,GM,Safe
E062,"Bapuji Institute of Engineering & Technology, Davangere (AUTONOMOUS) BAPUJI INSTITUTE OF ENGINEERING & TECHNOLOGY,P.B. NO.325,SHAMANUR ROAD,DAVANGERE-577 004",CE,COMPUTER ENGINEERING,128959,GMR,128959,GMR,207301,GMR,260198,GM,260198,GM,Safe
E081,"SRI SIDDHARTHA SCHOOL OF ENGINEERING, TUMKUR NH-4, KESARAMADU POST, KYATHASANDRA,TUMKUR",IS,INFORMATION SCIENCE,91094,GMR,92308,GMR,210691,GMR,260271,GM,260271,GM,Safe
E153,"S E A College of Engineering & Technology, Virgonagar, Bangalore EKTA NAGAR, BASAVANAPURA, VIRGO NAGAR POST, BANGALORE - 560 049.",IS,INFORMATION SCIENCE,92972,GMR,86695,GMR,153914,GMR,260287,GM,260287,GM,Safe
E024,"Malnad College of Engineering, Hassan(AUTONOMOUS) P.B. NO. 21, SALAGAME ROAD,HASSSAN",ME,ME,137761,3AR,140165,3AR,228865,3AR,260354,GM,260354,GM,Safe
E114,"G M Institute of Technology, Davanagere POST BOX. NO. 4, P.B.ROAD.DAVANGERE.",ME,ME,137770,GMR,123404,GMR,234390,GMR,260354,GM,260354,GM,Safe
E075,"Ballari Institute of Technology & Management, Bellary(AUTONOMOUS) ""JNANA GANGOTRI"" CAMPUS, #873/2 OF KOLAGAL VILLAGE,BELLARY-HOSPET ROAD, ALLIPUR",EE,EE,100104,GMR,95506,GMR,195654,3AG,260390,GM,260390,GM,Safe
E104,"Nagarjuna College of Engineering & Technology,venkatagiri Kote, Devanahalli, Bangalore Rural.(AUTONOMOUS) MUDUGURKIVENKATAGIRI KOTE DEVANAHALLI,BANGALORE",CE,COMPUTER ENGINEERING,140864,3AG,130712,GMR,260403,GM,260403,GM,260403,GM,Safe
E304,ANUVARTIK MIRJI BHARATESH INSTITUTE OF TECHNOLOGY BELAGAVI,EC,EC,180002,3AG,155130,3AR,230956,3AG,260431,GM,260431,GM,Safe
E164,"Government Engineering College, Hoovina Hadagali HUVINAHADAGALI 583219,DIST: VIJAYANAGARA",EC,EC,95306,3AG,119797,3AG,149530,3AG,260515,GM,260515,GM,Safe
E189,"NAVKIS COLLEGE OF ENGINEERING, KIADB Industrial Area,Thimmanahally, Hassan P.B.NO. 55, NH-48, KIADB INDUSTRIAL AREA, THIMMANAHALLY, HASSAN-573201",CY,CY,102961,GMR,91244,GMR,260535,GM,260535,GM,260535,GM,Safe
E040,"Hira Sugar Institute of Technology, Nidasoshi NIDAOSHI,TALUKA: HUKERI,DISTRICT: BELGAUM",ME,ME,182782,GMR,183377,3AG,260557,GM,260557,GM,260557,GM,Safe
E162,"Government Engineering College, Raichur RAICHUR-HYDERABAD ROAD YERAMARUS,RAICHUR",CE,COMPUTER ENGINEERING,184417,3AG,239972,3AG,260586,GM,260586,GM,260586,GM,Safe
E181,"Sri Basaveswara Institute of Technology, Madenur Gate, B.H. Road, Tiptur",ME,ME,260595,GMR,260595,GMR,-,-,-,-,260595,GMR,Safe
E151,"Mangalore Institute of Technology & Engineering, Moodabidri, Mangalore(AUTONOMOUS) BADAGA MIJAR,",EC,EC,53979,3AG,51790,GMR,70740,3AG,260602,GM,260602,GM,Safe
E045,"Rao Bahadur Y.Mahabaleswarappa Engineering College, Bellary CONTONMENT, BELLARY-583104",IS,INFORMATION SCIENCE,121080,3AG,115482,GMR,184164,GM,260614,GM,260614,GM,Safe
E281,"Government Engineering College, Challakere, Chitradurga BALLARI ROAD CHALLAKERE,CHITRADURGA",AU,AU,160371,3AR,174394,3AR,260776,GM,260693,GM,260693,GM,Safe
E272,"Government Engineering College, Talakal, Koppal TALAKAL,TALUKA: YALABURGA, DIST: KOPPAL, KARNATAKA, PIN 583238",ME,ME,169194,GMR,164175,GMR,260700,GM,260700,GM,260700,GM,Safe
E135,"K L S Viswanathrao Deshpande Institute of Technology, Haliyal UDYOG VIDYA NAGAR,DANDELI ROAD, HALIYAL-581329",EE,EE,116271,GMR,176822,3AR,184975,GMR,260725,GM,260725,GM,Safe
E015,"Dr.T.Thimmaiah Institute of Technology, KGF 00RGAUM POST,KOLAR GOLD FIELDS - 563 120",EC,EC,95988,3AG,105702,GMR,260727,3AG,260727,GM,260727,GM,Safe
E156,"K R PET KRISHNA, GOVERNMENT ENGINEERING COLLEGES, K R PET, MANDYA KRISHNARAJPET, MANDYA DIST. - 571 426,",ME,ME,177147,GMR,175461,GMR,260755,GM,260755,GM,260755,GM,Safe
E017,"Sri Siddhartha Institute of Technology MARALUR ,TUMKUR",EE,EE,89718,GMR,80454,GMR,157044,GMR,260759,GM,260759,GM,Safe
E273,"Government Engineering College, Viprasinagar, Gangavathi VIPRASAI NAGAR,GANGAVATHI,KOPPAL",ME,ME,260779,3AG,212311,3AG,260779,GM,260779,GM,260779,GM,Safe
E096,"East Point College of Engineering & Technology, Bangalore(AUTONOMOUS) JNANA PRABHA, BIDARAHALLI,VIRGONAGAR POST,BANGALORE.",CE,COMPUTER ENGINEERING,103996,GM,107775,GM,260845,GM,260845,GM,260845,GM,Safe
E205,"ATME College of Engineering, Mysore SY.NO.1002, HAROHALLI (MELLAHALLI),MYSORE",EE,EE,90440,GMR,90440,GMR,256409,3AG,260899,GM,260899,GM,Safe
E163,"Government Engineering College, Haveri DEVAGIRI,HAVERI",ME,ME,212202,GMR,229985,3AG,260901,GM,260901,GM,260901,GM,Safe
E041,"P D A College of Engineering, Gulbarga(AUTONOMOUS) AIWAN-E-SHAHI AREA,STATION ROAD,GULBARGA-585102",CE,COMPUTER ENGINEERING,143519,3AG,143519,3AG,166974,3AG,260917,GM,260917,GM,Safe
E168,"Amrutha Institute of Engineering & Management Science (AIEMS), Ramanagar BIDADI INDUSTRIAL AREA, OFF MYSORE ROAD, NEAR TOYOTA KIRLOSKAR MOTORS, BMRDA REGION, BANGALORE",AM,AM,90787,3AR,73752,3AR,97054,3AR,260928,GM,260928,GM,Safe
E091,"K S Institute of Technology, Raghuvanahalli, Bangalore(AUTONOMOUS) #14,RAGUVANAHALLI, KANAKAPURA MAIN ROAD,BANGALORE - 560 062.",ME,ME,145346,GMR,143343,GMR,260950,GM,260950,GM,260950,GM,Safe
E194,"Government Engineering College, Karwar MAJALI VILLAGE, KARWAR TALUK, UTTARA KANNADA DIST, KARNATAKA -PIN 581345",ME,ME,240559,3AG,231270,GMR,260965,GM,260965,GM,260965,GM,Safe
E254,"A J Institute Of Engineering And Technology.Kottar chowki Boloor Village Mangalore KOTTARA CHOWKI BOLOOR VILLAGE,DAKSHINA KANNADA",EC,EC,108163,3AG,118447,3AG,260283,GM,260974,GM,260974,GM,Safe
E290,"Visvesvaraya Technological University,VTU,CPGS,Mysuru.",ME,ME,132148,GMR,140187,GMR,236950,3AG,260978,GM,260978,GM,Safe
E163,"Government Engineering College, Haveri DEVAGIRI,HAVERI",CE,COMPUTER ENGINEERING,248507,3AR,243817,3AG,260990,GM,260990,GM,260990,GM,Safe
E165,"Yenepoya Institute Of Technology, Mangalore VIDYANAGAR N.H 13THODAR MIJAR POST MOODBIDRI MANGALORE TQ",AM,AM,69701,3AG,70489,GMR,121084,GMR,261000,GM,261000,GM,Safe
E283,"University of Mysuru B.N.BAHADUR INSTITUTE OF MANAGEMENT SCIENCES, (DOS IN BUSSINESS ADMINISTRATION)UNIVERSITY OF MYSORE, MANASAGANGOTRI,HUNSUR ROAD,MYSORE.",BM,BM,133526,GMR,117540,GMR,197826,GMR,261015,GM,261015,GM,Safe
E216,"Shetty Institute of Technology,Gulbarga 5TH KM RAJAPUR SHAHABAD ROAD GULBARGA",CS,COMPUTER SCIENCE,97253,GMR,97253,GMR,138810,GMR,261036,GM,261036,GM,Safe
E023,"P E S College of Engineering, Mandya(AUTONOMOUS) MANDYA: 571 401",CE,COMPUTER ENGINEERING,132909,GMR,131354,GMR,250926,GM,261072,GM,261072,GM,Safe
E111,"Sri Venkateshwara College of Engineering, Bangalore VIDYANAGAR, BENGALURU INTERNATIONAL AIRPORT ROAD,BETTAHALASUR POST,BENGALURU NORTH,BENGALURU - 562 157",ME,ME,121754,GMR,120904,GMR,261093,GM,261093,GM,261093,GM,Safe
E272,"Government Engineering College, Talakal, Koppal TALAKAL,TALUKA: YALABURGA, DIST: KOPPAL, KARNATAKA, PIN 583238",EE,EE,111945,3AR,111945,3AR,260045,3AG,261106,GM,261106,GM,Safe
E154,"Government Engineering College, Chamarajanagara GOVERNMENT POLYTECHNIC CAMPUS,NANJANGUD ROAD,CHAMARAJANAGARA",CE,COMPUTER ENGINEERING,179772,3AR,209176,3AR,257855,GM,261150,GM,261150,GM,Safe
E015,"Dr.T.Thimmaiah Institute of Technology, KGF 00RGAUM POST,KOLAR GOLD FIELDS - 563 120",ME,ME,156087,GMR,130665,GMR,261973,GM,261151,GM,261151,GM,Safe
E185,"Angadi Institute of Technology and Management , Savgoan Rd., Belgaum SAVAGAON ROAD BELGAUM",EE,EE,102091,GMR,97721,GMR,162905,GMR,261164,GM,261164,GM,Safe
E307,SESHADRIPURAM INSTITUTE OF TECHNOLOGY MYSURU MYSURU,EE,EE,106439,GMR,101634,GMR,261259,GM,261259,GM,261259,GM,Safe
E031,"B V V Sangha`s Basaveshwara Engineering College , Bagalkote (AUTONOMOUS) NIJALINGAPPA ROAD,BAGALKOT 587102",ME,ME,161907,3AG,214846,3AR,261347,GM,261347,GM,261347,GM,Safe
E014,"S J C Institute of Technology, Chickkaballapur(AUTONOMOUS) P B NO. 20, B B ROAD, CHICKBALLAPUR, CHICKBALLAPUR (DISTRICT)",EC,EC,63458,GMR,63537,GMR,100034,GMR,261419,GM,261419,GM,Safe
E185,"Angadi Institute of Technology and Management , Savgoan Rd., Belgaum SAVAGAON ROAD BELGAUM",ME,ME,198299,3AG,208732,3AG,261439,GM,-,-,261439,GM,Safe
E159,"Karavali Institute of Technology, Neermarga, Mangalore PADU POST, VIA PEDUMALE,NEERUMARGA,MANGALORE -575029",CS,COMPUTER SCIENCE,118219,GMR,115098,GMR,214887,GMR,261492,GM,261492,GM,Safe
E201,"Gopalan College of Engineering & Management, K.R. Puram, Bangalore SONNENAHALLI, HOODI VILLAGE, ITPL ROAD,BANGALORE",EC,EC,98123,GMR,92100,GMR,216007,GMR,261522,GM,261522,GM,Safe
E297,"ADITYA COLLEGE OF ENGINEERING AND TECHNOLOGY SURVEY NO 2/8 2/9 AND 2/2, KAMAKSHIPURA, SONNENAHALLI PANCHAYATH, HESARAGHATTA HOBLI, YELAHANKA",CS,COMPUTER SCIENCE,88819,GMR,79006,GMR,147023,GMR,261525,GM,261525,GM,Safe
E164,"Government Engineering College, Hoovina Hadagali HUVINAHADAGALI 583219,DIST: VIJAYANAGARA",CE,COMPUTER ENGINEERING,249305,3AG,225434,3AG,261532,GM,261532,GM,261532,GM,Safe
E002,"Govt.S K S J T Institute of Engineering, Bangalore AMBEDKAR VEEDHI, K.R. CIRCLE, BANGALORE-01",TT,TEXTILES TECHNOLOGY,137095,GMR,155019,GMR,261534,GM,261534,GM,261534,GM,Safe
E155,"Government Engineering College, Hassan DAIRY CIRCLE, B M ROAD, HASSAN",CE,COMPUTER ENGINEERING,135447,GMR,142323,GMR,261545,GM,261545,GM,261545,GM,Safe
E041,"P D A College of Engineering, Gulbarga(AUTONOMOUS) AIWAN-E-SHAHI AREA,STATION ROAD,GULBARGA-585102",ME,ME,176622,GMR,206139,3AG,261548,GM,261548,GM,261548,GM,Safe
E144,"Srinivas Institute of Technology, Mangalore SRINIVAS CAMPUS",CBS,CBS,133899,3AG,130595,3AG,261563,GM,261563,GM,261563,GM,Safe
E155,"Government Engineering College, Hassan DAIRY CIRCLE, B M ROAD, HASSAN",ME,ME,142323,3AR,146440,3AR,235223,3AR,261567,GM,261567,GM,Safe
E078,"The Oxford College of Engineering, Bangalore HOSUR ROAD,BOMMANAHALLI,BANGALORE",EE,EE,74392,GMR,73423,GMR,104986,GMR,261572,GM,261572,GM,Safe
E216,"Shetty Institute of Technology,Gulbarga 5TH KM RAJAPUR SHAHABAD ROAD GULBARGA",CE,COMPUTER ENGINEERING,220259,GMR,186377,GMR,261644,GM,-,-,261644,GM,Safe
E054,"K V G College of Engineering, Sullia KURUNJIBHAG,",EC,EC,131420,3AR,131420,3AR,261657,GM,261657,GM,261657,GM,Safe
E128,"Sharanbasava University (Formerly Appa Institute of Engineering and Tech) SHARNBASVESHWARA INSTITUTIONS CAMPUS , KALABURAGI ( GULBARGA) -585103 , KARNATAKA",CE,COMPUTER ENGINEERING,152199,GMR,166689,GMR,261641,GM,261708,GM,261708,GM,Safe
E045,"Rao Bahadur Y.Mahabaleswarappa Engineering College, Bellary CONTONMENT, BELLARY-583104",EE,EE,139071,GMR,139071,GMR,261747,GM,261747,GM,261747,GM,Safe
E254,"A J Institute Of Engineering And Technology.Kottar chowki Boloor Village Mangalore KOTTARA CHOWKI BOLOOR VILLAGE,DAKSHINA KANNADA",CE,COMPUTER ENGINEERING,232775,GMR,191134,GMR,261762,GM,261762,GM,261762,GM,Safe
E157,"Government Engineering College, Ramanagaram DODDAMANNUGUDDE, RAMANAGAR, RAMANAGAR DISTRICT - 571 511",CE,COMPUTER ENGINEERING,172115,3AR,188880,3AR,261816,GM,261816,GM,261816,GM,Safe
E288,"Garden City University 16th KM, Old Madras Road (Near K R Puram), Bangalore, Karnataka, 560049.",IT,IT,103241,GMR,112141,GMR,137885,GMR,261830,GM,261830,GM,Safe
E150,"P E S Institute of Technology & Management, Shimoga GUDDADAARAKERE, KOTEGANGOORSAGAR ROAD,SHIMOGA",ME,ME,186221,GMR,174022,GMR,261839,GM,261839,GM,261839,GM,Safe
E036,"K L E Technological Univeristy, Belgaum Campus (Formerly KLE Dr M.S.Sheshagiri College of Engineering and Technology) UDYAMBAGH,BELGAUM",CE,COMPUTER ENGINEERING,122687,GMR,102256,GMR,257572,GM,261873,GM,261873,GM,Safe
E188,"Vijaya Vittala Institute of Technology, Doddagubbi, Hennur Bagalur Road, Bangalore #35/1, DODDA GUBBI POST, HENNUR-BAGALURU ROAD,BANGALORE",CE,COMPUTER ENGINEERING,213566,GMR,213566,GMR,261873,GM,-,-,261873,GM,Safe
E124,"Rajiv Gandhi Institute of Technology, Bangalore CHOLANGAR,R.T.NAGAR POST, HEBBAL,BANGALORE-560032",IOTCS,IOTCS,95125,GMR,88250,GMR,112193,3AG,261916,GM,261916,GM,Safe
E024,"Malnad College of Engineering, Hassan(AUTONOMOUS) P.B. NO. 21, SALAGAME ROAD,HASSSAN",CE,COMPUTER ENGINEERING,111762,3AG,111762,3AG,131926,GMR,261951,GM,261951,GM,Safe
E075,"Ballari Institute of Technology & Management, Bellary(AUTONOMOUS) ""JNANA GANGOTRI"" CAMPUS, #873/2 OF KOLAGAL VILLAGE,BELLARY-HOSPET ROAD, ALLIPUR",ME,ME,206889,3AG,188673,3AG,261958,GM,261958,GM,261958,GM,Safe
E154,"Government Engineering College, Chamarajanagara GOVERNMENT POLYTECHNIC CAMPUS,NANJANGUD ROAD,CHAMARAJANAGARA",EC,EC,95724,3AG,97243,GMR,132042,GMR,261963,GM,261963,GM,Safe
E015,"Dr.T.Thimmaiah Institute of Technology, KGF 00RGAUM POST,KOLAR GOLD FIELDS - 563 120",CS,COMPUTER SCIENCE,86216,3AG,89689,GMR,157823,GMR,261973,GM,261973,GM,Safe
E130,"Shridevi Institute of Engineering & Technology, Tumkur MARELENAHALLY,SIRA ROAD ,TUMKUR",CY,CY,109393,GMR,110191,GMR,240569,3AG,262044,GM,262044,GM,Safe
E070,"Bahubali College of Engineering, Shravanabelagola, Hassan GOMMATANAGARA,SHRAVANABELAGOLA - 573135 HASSAN",AM,AM,84515,3AG,84515,3AG,128283,3AG,262046,GM,262046,GM,Safe
E090,"Sri Revana Siddeswara Institute of Technology, Bangalore CHOKKANAHALLI, CHIKKAJALA,BANGALORE NORTH - 562157",EC,EC,76221,GMR,76871,GMR,147420,GMR,262065,GM,262065,GM,Safe
E043,"Gurunanak Dev Engineering College, Bidar MAILOOR ROAD,BIDAR 585403",EC,EC,122991,3AG,122650,3AG,198023,GMR,262074,GM,262074,GM,Safe
E081,"SRI SIDDHARTHA SCHOOL OF ENGINEERING, TUMKUR NH-4, KESARAMADU POST, KYATHASANDRA,TUMKUR",EE,EE,124090,GMR,111335,GMR,262098,GM,262098,GM,262098,GM,Safe
E177,"Rajeev Institute of Technology, Hassan PLOT 1-D(P-1), GROWTH CENTRE, INDUSTRIAL AREA, BANGALORE MANGALORE BYPASS ROAD",EE,EE,144752,3AR,137310,3AR,262107,GM,262107,GM,262107,GM,Safe
E015,"Dr.T.Thimmaiah Institute of Technology, KGF 00RGAUM POST,KOLAR GOLD FIELDS - 563 120",EE,EE,134327,3AR,145512,3AR,221189,GM,262116,GM,262116,GM,Safe
E258,"Maharaja Institute of Technology,Tandavapura,Mysore THANDAVAPURA VILLAGA,ON NATIONAL HIGHWWAYNANJANAGUD TALUK,MYSORE DISTRICT",ME,ME,166882,3AR,145623,3AR,262122,GM,262122,GM,262122,GM,Safe
E175,"S.S.E.T.S.S.G.Balekundri Institute of Technology, Shivabasavanagar, Belgaum SHIVABASAVA NAGAR, BELGAUM - 590010",CE,COMPUTER ENGINEERING,187272,3AG,212737,3AG,262145,GM,262145,GM,262145,GM,Safe
E211,"Jain Institute of Technology, Davanagere 323, BADA CROSS NEAR BLIND SCHOOL AVARAGERE DAVANGERE",IS,INFORMATION SCIENCE,96024,3AG,87734,GMR,188288,3AR,262158,GM,262158,GM,Safe